Directory '/Users/holocron/miniproject-hertfordshire-2026/code/inference_explanation_benchmark/dataset_2026/answers' already exists.
=== Bonsai-8B-Q1_0-LMStudio (payload id: bonsai-8b) ===
Directory '/Users/holocron/miniproject-hertfordshire-2026/code/inference_explanation_benchmark/dataset_2026/answers/Bonsai-8B-Q1_0-LMStudio' created successfully.
Directory '/Users/holocron/miniproject-hertfordshire-2026/code/inference_explanation_benchmark/dataset_2026/answers/Bonsai-8B-Q1_0-LMStudio/baseline' created successfully.
the pepper can lift the cooking pot because it has a lifting capability, which includes having two grippers and a motion planning algorithm, and the cooking pot is liftable, touchable, and within the robot's moving range, with its weight being less than the robot's weight limit.
the agent can lift the object because it has a lifting capability, which includes having at least two grippers and a motion planning algorithm, and the object is within the robot's moving range, is on touchable support, and is in an accessible area, while also being liftable due to having parts that are holdable and not attached to anything, and its weight is less than the robot's weight limit.
the robot can lift the oven tray because it has the lifting capability, which requires having at least two grippers and a motion planning algorithm, and the robot is not holding anything while the tray is on touchable support and within its moving range.
the pepper robot can lift the suitcase because it has a lifting capability, which includes having at least two grippers and a motion planning algorithm, and the suitcase is liftable, on touch support, and within the robot's moving range.
the agent can lift the object because it has a lifting capability, which requires at least two grippers and a motion planning algorithm, and the object is liftable with a weight below the agent's weight limit.
the Tiago robot can lift the toolbox because it has a lifting capability, which includes having at least two grippers and a motion planning algorithm, and the toolbox is liftable with a weight below its weight limit.
the pr2 robot can lift the bucket because it has a lifting capability, which includes having two grippers and a motion planning algorithm, and the bucket is liftable, touchable, and within the robot's moving range.
the agent can lift the object because it has a lifting capability, which includes having at least two grippers and a motion planning algorithm, and the object is liftable, touchable, and within the agent's moving range.
the pepper robot can lift the cooking pot because it has a lifting capability based on having at least two grippers and a motion planning algorithm, and the cooking pot is an object that is both touchable and in an accessible area, with its weight being less than the robot's weight limit.
the robot can lift the suitcase because it has a lifting capability, which requires at least two grippers and a motion planning algorithm, and the suitcase is liftable, touchable, and within the robot's moving range.
the robot can lift the toolbox because it has a lifting capability, which requires at least two grippers and a motion planning algorithm, and the toolbox is liftable, can be used, and is on touch support while being within the robot's moving range.
the robot can lift the suitcase because it has a lifting capability, which requires at least two grippers and a motion planning algorithm, and the robot is not holding anything while the suitcase is within its reach and on touch support in an accessible area.
the Tiago robot can lift the oven tray because it has the lifting capability, which requires having at least two grippers and a motion planning algorithm, and the robot is not holding anything, while the oven tray is a holdable part that is on touch support and within the robot's moving range.
the robot can lift the laundry basket because it has a lifting capability based on having two grippers and a motion planning algorithm, and the laundry basket is liftable, can be used, and is within the robot's moving range.
the pepper robot can lift the toolbox because it has a lifting capability, which requires having at least two grippers and a motion planning algorithm, and the toolbox is liftable with a weight less than the robot's weight limit.
the robot can lift the oven tray because it has the lifting capability, which requires at least two grippers and a motion planning algorithm, and the robot is not holding anything while the tray is within its accessible area and within its moving range.
the robot can lift the bucket because it has a lifting capability, which includes having at least two grippers and a motion planning algorithm, and the bucket is liftable, touchable, and within the robot's moving range.
the robot can lift the bucket because it has a lifting capability, which requires at least two grippers and a motion planning algorithm, and the bucket is liftable with a weight below the robot's weight limit.
the robot can lift the laundry basket because it has a lifting capability, which requires at least two grippers and a motion planning algorithm, and the basket is liftable, touchable, and within the robot's moving range.
the tiago robot can lift the cooking pot because it has a lifting capability, which includes having two grippers and a motion planning algorithm, and the cooking pot is liftable, touchable, and within the robot's moving range, while also being on touch support and accessible.
the robot can perceive the book because it has a perceiving capability through its active Kinect V2 camera component, which is registered and capable of scanning 2D barcodes, and the book is in front of the robot within its maximum distance range.
the Tiago can perceive the luggage because it has a perceiving capability through its active RGB camera, which has a maximum distance range greater than the luggage's current distance from the robot, and the luggage is registered and scannable, being in front of the robot.
the pepper robot can perceive the plate because it has a perceiving capability through its active Kinect V2 camera, which has a maximum distance range greater than the plate's current distance and is registered as a scannable part.
the Pr2 robot can perceive the plate because it has a perceiving capability through its real sense L515 camera, which is active and capable of perceiving objects at a distance, and the plate is in front of it with a scannable code that is registered and within the robot's maximum perception range.
the pepper can perceive the plate because it has a perceiving capability through its active Kinect V2 camera, which has a maximum distance range greater than the plate's current distance from the robot, and the plate is registered and scannable, being in front of the robot.
the pepper can perceive the book because it has a perceiving capability due to its component being a camera that is active, and the book is in front of the pepper with a scannable code, which makes it visible by the pepper.
the Tiago robot can perceive the box because it has a perceiving capability based on its webcam component, which is active and registered, and the box is in front of the robot with a distance that exceeds the robot's maximum perception range.
the agent can perceive the appliance because it has a perceiving capability based on having a webcam component that is active and capable of seeing, while the appliance is registered, scannable, and located in front of the agent within its maximum distance range.
the Pr2 robot can perceive the cube because it has a perceiving capability through its real sense L515 camera, which is active and has a maximum distance range greater than the cube's current distance from the robot. The cube is registered and scannable, and it is in front of the robot.
the appliance can be perceived by the agent because it has a scannable code, which is in front of the agent, and the agent has the capability to perceive objects through its camera, which is active and has a maximum distance range greater than the distance at which the appliance is located.
the robot can perceive the luggage because it has a perceiving capability based on its active RGB camera component, which is registered and capable of scanning, and the luggage is in front of the robot within its maximum distance range.
the pepper can perceive the book because it has a perceiving capability through its active Kinect V2 camera, which is registered and has a maximum distance range greater than the book's current distance from the pepper.
the pepper robot can perceive the plate because it has a perceiving capability through its webcam, which is an active camera with a maximum distance range greater than the plate's current position, and the plate is registered and scannable.
the Pr2 robot can perceive the appliance because it has a perceiving capability based on its active RGBCamera component, which is registered and capable of scanning a 2D barcode, and the appliance is in front of the robot within its maximum distance range.
the Pr2 robot can perceive the book because it has a perceiving capability through its active Kinect V2 camera, which has a maximum distance range greater than the book's current distance from the robot, and the book is registered and scannable.
the robot can perceive the cube because it has a perceiving capability based on its active RGBCamera component, which is registered and capable of scanning, and the cube is in front of the robot within its maximum distance range.
the pepper can perceive the appliance because it has a perceiving capability through its webcam component, which is active and capable of capturing images, while the appliance is registered, scannable, and located in front of the pepper at a distance greater than the maximum range of the webcam.
the agent can perceive the box because it has a perceiving capability, which is based on having a component that is a camera and active, and the box is in front of the agent with a scannable code, making it visible by the agent.
the pepper can perceive the luggage because it has a perceiving capability through its component, which is a camera capable of active perception at a distance, and the luggage is in front of the pepper, satisfying the visibility condition.
the agent can perceive the object because it has a perceiving capability through its component, which is a camera that is active and has a maximum distance range greater than the object's current distance, making it visible to the agent.
the robot can grasp the shovel because it has a grasping capability through its two-finger claw, which is a gripper and an end-effector, and the shovel's holding part width is greater than the opening width of the gripper.
the pepper can grasp the lunchbox because it has a grasping capability through its gripper component, which is compatible with the lunchbox's gripable parts, and the pepper's opening width is greater than the lunchbox's holding part width, making it physically possible for the robot to grasp the object.
the pepper can grasp the hammer because it has a grasping capability through its mechanical hand, which is a gripper and an end effector, and the hammer is a graspable part with a holding width greater than the opening width of the hand.
the Tiago robot can grasp the hammer because it has a grasping capability through its claw component, which is a gripper and an end effector, and the hammer is a graspable part that the robot can reach, with the robot's opening width being greater than the hammer's holding part width.
the robot can grasp the toy bucket because it has a grasping capability through its gripper, which is compatible with the toy bucket's handle, and the grip width of the handle is greater than the opening width of the gripper.
the robot can grasp the toy bucket because it has a grasping capability through its two-finger claw, which is a gripper and an end effector, and the toy bucket is reachable by the robot, having a handle that is a graspable part with a width greater than the robot's opening width.
the Tiago robot can grasp the cooking pot because it has a grasping capability through its mechanical hand, which is a gripper and an end effector, and the cooking pot is reachable by the robot, with its opening width being greater than the width of the handle it holds.
the pepper can grasp the lunchbox because it has a grasping capability through its two-finger claw, which is a gripper and an end effector, and the lunchbox is reachable by the pepper, with its opening width being greater than the holding part width of the lunchbox.
the pr2 robot can grasp the suitcase because it has a grasping capability through its two-finger claw, which is a gripper and an end effector, and the suitcase is reachable by the robot with a width greater than the robot's opening width.
the robot can grasp the shovel because it has a grasping capability through its gripper component, which is compatible with the shovel's holding part width, and the robot can reach the shovel, as it is within its opening width.
the robot can grasp the cooking pot because it has a grasping capability through its mechanical hand, which is a gripper and an end effector, and the cooking pot is reachable by the robot, with its holding part width being greater than the opening width of the hand.
the Tiago robot can grasp the lunchbox because it has a grasping capability through its claw component, which is a gripper and an end effector, and the lunchbox is a reachably graspable object with a holding part width greater than the opening width of the robot's claw.
the robot can grasp the cooking pot because it has a grasping capability through its gripper component, which is compatible with the pot's gripable part, and the pot's holding width is greater than the robot's opening width.
the Tiago robot can grasp the suitcase because it has a grasping capability through its claw component, which is a gripper and an end effector, and the suitcase is reachable by the robot, with its holding part width being greater than the opening width of the claw.
the Tiago robot can grasp the hammer because it has a grasping capability through its mechanical hand, which is a gripper and an end effector, and the hammer is a graspable part that the robot can reach, with the hammer's holding part width being greater than the mechanical hand's opening width.
the pepper can grasp the suitcase because it has a grasping capability through its gripper component, which is an end effector and a manipulator, and the suitcase is reachable by the pepper, with its opening width being greater than the width of the handle it holds.
the tiago robot can grasp the suitcase because it has a grasping capability through its two-finger claw, which is a gripper and an end effector, and the suitcase is reachable by the robot, with its opening width being greater than the width of the handle it holds.
the robot can grasp the mug because it has a grasping capability through its gripper component, which is compatible with the mug's grip part, and the robot's opening width is greater than the mug's holding part width, allowing it to reach and grasp the object.
the Tiago robot can grasp the lunchbox because it has a grasping capability through its gripper component, which is compatible with the lunchbox's hand grip part, and the robot's opening width is greater than the lunchbox's holding part width, making it reachable.
the robot can grasp the shovel because it has a grasping capability through its mechanical hand, which is a gripper and an end effector, and the shovel's holding part width is greater than the mechanical hand's opening width, making it reachable by the robot.
the pepper can push the office chair because it has a pushing capability, which is based on having a gripper that is a rigid end effector and capable of applying force, while the chair is in a safe area, on a table, and within the robot's moving range.
the agent can push the object because it has a pushing capability, which is based on having a gripper that is rigid and not holding anything, and the object is in an approachable position with the necessary force and is within the robot's moving range.
the robot can push the toy wagon because it has a pushing capability, which is based on having a gripper capable of applying force, and the toy wagon is in an approachable state with its parts on a rollable surface and not blocked, allowing the robot to interact with it.
the robot can push the mini shopping cart because it has a pushing capability, which is based on having a gripper and the ability to apply force, while the cart is in a position that is both on the table and within the safe area, making it approachable by the robot.
the pepper can push the office chair because it has a pushing capability, which is based on having a two-finger claw gripper that is not holding anything and is rigid, while the chair is on a rollable surface, not blocked, and within the robot's moving range.
the robot can push the office chair because it has a pushing capability through its gripper, which is an end effector capable of applying force, and the chair is in a position where it is on the table, within the robot's safe area, and approachable by the robot.
the pepper can push the office chair because it has a pushing capability, which is based on having a gripper (a two-finger claw) that is not holding anything and can apply force, while the chair is in a safe area, on a table, and within the robot's moving range.
the pr2 robot can push the toy wagon because it has a pushing capability, which is based on having a gripper and being able to apply force, while the toy wagon is approachable, on a table, in a safe area, and within the robot's moving range.
the pepper can push the office chair because it has a gripping capability with a claw end effector that is compatible with the chair's pivot roller and can apply the required force, and the chair is on a table in a safe area and within the robot's moving range.
the pr2 robot can push the remote-controlled car because it has a pushing capability through its gripper, which is an end effector capable of applying force, and the remote-controlled car is in a position where it is approachable, on a table, within a safe area, and not blocked, allowing the robot to exert the necessary force.
the agent can push the object because it has a pushing capability, which is based on having a gripper that is not holding anything and is a rigid end effector, while the object is on a table in a safe area and within the robot's moving range.
the pr2 robot can push the office chair because it has a pushing capability through its gripper, which is compatible with the chair's position on the table and within the safe area, and the chair requires force of 81 units to be pushed, which matches the applicable force the robot can provide.
the pepper can push the Roomba robot because it has a gripping capability with a claw end effector that is rigid and capable of holding something, and the Roomba robot is in a safe area on a table and within the pushing range of the pepper.
the pepper can push the mini shopping cart because it has a pushing capability, which is based on having a gripper that is an end effector capable of applying force, and the mini shopping cart is in a position where it is approachable by the pepper, with the necessary force applied.
the robot can push the car because it has a pushing capability, which is based on having a gripper capable of applying force, and the car is in an approachable position with the necessary conditions for being pushed.
the robot can push the chair because it has a pushing capability, which is based on having a gripper that is a two-finger claw and can apply an applicable force of 41 units, while the chair is in a position where it requires a force of 41 units to be pushed and is on a table within the robot's safe area and moving range.
the robot can push the shopping cart because it has a pushing capability through its gripper, which is a rigid end effector and can apply force, while the cart is on a table in a safe area and within the robot's moving range.
the robot can push the office chair because it has a pushing capability through its gripper, which is a two-finger claw and compatible with the chair's type, and the chair is on a table in a safe area and within the robot's moving range.
the pepper can push the mini shopping cart because it has a pushing capability, which requires a gripper with a rigid end effector capable of applying force, and the cart is in a safe area on a table and within the robot's moving range.
the agent can push the object because it has a pushing capability, which is based on having a gripper and other components, and the object is in an approachable state with the necessary conditions met.
the robot can perceive the book because it has a perceiving capability through its Kinect V2 camera component, which is compatible with the book's scannable part and is within the robot's maximum distance range. The book is visible by the robot, and the robot's distance threshold is greater than the book's current position.
the tiago can perceive the luggage because it has a perceiving capability through its rgb camera, which is a type of camera and capable of perceiving objects at a distance, and the luggage is an object that is visible by the robot and located within its maximum perception range.
the pepper can perceive the plate because it has a perceiving capability through its component, which is a camera, and the plate is a scannable part that is visible by the pepper, with the maximum distance range of the camera being greater than the distance at which the plate is located.
the Pr2 robot can perceive the plate because it has a perceiving capability through its component camera, which is a type of scannable part, and the plate is visible by the robot and within its maximum distance range.
the pepper can perceive the plate because it has a perceiving capability through its component, which is a camera, and the plate is an object with a scannable part that is visible by the pepper. The pepper's maximum distance range is greater than the plate's current distance.
the pepper can perceive the book because it has a perceiving capability through its component, which is a camera, and the book is an object with a scannable part that is visible by the pepper. The pepper's maximum distance range is greater than the book's distance, allowing it to perceive it.
the Tiago can perceive the box because it has a perceiving capability through its webcam component, which is a camera and can be used to perceive objects at a distance, and the box is an object with a scannable part that is visible by the Tiago.
the agent can perceive the object because it has a perceiving capability, which is based on having a camera as a component, and the object is visible by the agent, with its maximum distance range being greater than the current distance at which it is located.
the Pr2 robot can perceive the cube because it has a perceiving capability through its component camera, which is a type of camera, and the cube is an object that is visible by the robot, with the robot being able to perceive it due to its maximum distance range being greater than the cube's current distance.
the agent can perceive the appliance because it has a perceiving capability through its component, which is a camera, and the appliance is visible by the agent, with the distance between them being less than the maximum range of the camera.
the robot can perceive the luggage because it has a perceiving capability through its camera component, which is compatible with the luggage as it is a scannable part, and the robot is within the camera's maximum distance range while the luggage is at a distance less than that.
the pepper can perceive the book because it has a perceiving capability through its kinect v2 camera component, which is compatible with the book's scannable part, and the pepper is within the camera's maximum distance range while the book is at a distance less than that.
the pepper can perceive the plate because it has a perceiving capability through its webcam component, which is compatible with scannable parts, and the plate is visible by the pepper from a distance greater than the maximum range of the webcam.
the Pr2 robot can perceive the appliance because it has a perceiving capability through its RGBCamera component, which is a type of camera and compatible with the object's disposition for perception. The robot is within the maximum distance range of the camera and is positioned at a distance less than that, allowing it to perceive the object.
the Pr2 robot can perceive the book because it has a perceiving capability through its Kinect V2 camera component, which is compatible with scannable parts, and the book is visible by the robot at a distance less than its maximum range.
the robot can perceive the cube because it has a perceiving capability through its RGBCamera component, which is compatible with the cube's scannable part, and the cube is within the robot's maximum distance range.
the pepper can perceive the appliance because it has a perceiving capability through its webcam component, which is a camera, and the appliance is visible by the pepper at a distance greater than the maximum distance range of the webcam.
the agent can perceive the box because it has a perceiving capability through its component camera, which is capable of perceiving objects at a distance, and the box is an object that is visible by the agent and located within its maximum perception range.
the pepper can perceive the luggage because it has a perceiving capability through its component camera, which is a sub-class of a scannable part, and the luggage is an object that is visible by the pepper at a distance less than the camera's maximum range.
the agent can perceive the object because it has a perceiving capability through its component which is a camera, and the object is visible by the agent, with the maximum distance range of the camera being greater than the current distance to the object.
the pepper can push the office chair because it has a pushing capability, which is based on having a gripper, and the chair is considered pushable as it has a wheel and is an object that requires force to be pushed, with the force needed matching the force available.
the agent can push the object because it has a pushing capability, which is based on having at least one gripper, and the object is approachable by the agent, requiring a force of 81 units that matches the gripper's applicable force.
the robot can push the toy wagon because it has a pushing capability, which is based on having at least one gripper, and the toy wagon is pushable as it has a part that is rollable, with both requiring and having the same amount of force.
the robot can push the mini shopping cart because it has a pushing capability, which is based on having at least one gripper, and the mini shopping cart is pushable as it has wheels that are part of a rollable system, with both the robot and the cart requiring and having the same amount of force.
the pepper can push the office chair because it has a pushing capability, which is based on having at least one gripper, and the chair is considered pushable as it has a caster, which is a rollable part, and both require and apply the same force of 57 units.
the robot can push the office chair because it has a pushing capability, which is based on having at least one gripper, and the chair is considered pushable as it has a rollable part. The robot's component, the gripper, requires a force of 77 units, which matches the force needed to push the chair.
the pepper can push the office chair because it has a pushing capability, which is based on having a gripper that is an end effector capable of applying force, and the chair is both approachable by the pepper and requires the same amount of force to push as the pepper can provide.
the pr2 robot can push the toy wagon because it has a pushing capability, which is based on having at least one gripper, and the toy wagon is pushable due to having a pivot roller as a part, and both require force of 96 units, which the robot can apply.
the pepper can push the office chair because it has a pushing capability, which is based on having a gripper that is an end effector capable of applying force, and the chair requires exactly the same amount of force to be pushed as the robot can provide.
the pr2 robot can push the remote-controlled car because it has a pushing capability, which is based on having a gripper capable of applying force, and the remote-controlled car is pushable due to its rollable parts, with both entities requiring the same amount of force to be pushed.
the tiago robot can push the roomba robot because it has a pushing capability through its gripper, which is an end effector capable of applying force, and the roomba robot is pushable as it has a pivot roller part that is rollable, with both requiring the same amount of force to be pushed.
the pr2 robot can push the office chair because it has a pushing capability, which is based on having a gripper, and the chair is pushable due to having a rollable part. The robot's component, the gripper, requires a force of 81 units, which matches the force needed to push the chair.
the pepper can push the Roomba robot because it has a gripping capability through its claw, which is an end effector, and both the pepper and the Roomba require and apply the same amount of force to be pushed.
the pepper can push the mini shopping cart because it has a pushing capability, which is based on having a gripper, and the mini shopping cart is pushable due to having a pivot wheel that is a rollable part, with both requiring and capable of applying the same force of 93 units.
the robot can push the remote-controlled car because it has a pushing capability, which is based on having at least one gripper, and the car is pushable due to having a caster, which is a rollable part, and both the robot and the car require and have an applicable force of 45 units.
the robot can push the object because it has a pushing capability, which is based on having at least one gripper, and the object is pushable due to having a part that is rollable, with both the robot and the object requiring the same amount of force to push.
the robot can push the mini shopping cart because it has a pushing capability, which is based on having at least one gripper, and the mini shopping cart is pushable as it requires force equal to the applicable force of the robot's gripper.
the robot can push the office chair because it has a pushing capability, which is based on having a gripper (a two-finger claw), and the chair is pushable due to having a pivot roller as a part. The robot requires a force of 52 units to push the chair, which matches the force needed by the chair to be pushed.
the pepper can push the mini shopping cart because it has a pushing capability, which is based on having at least one gripper, and the mini shopping cart is pushable due to having a wheel, which is a rollable part, and both require the same amount of force to be pushed.
the Tiago robot can push the MiniShoppingCart because it has a pushing capability, which is based on having at least one gripper (a two-finger claw), and the cart is approachable by the robot, requiring exactly 18 units of force, which matches the force the robot can apply.
the robot can grasp the shovel because it has a grasping capability, which includes having a two-finger claw as an end effector, and the shovel is a touchable object located in an area within the robot's grasp range.
the pepper can grasp the lunchbox because it has a grasping capability, which includes having a gripper and motion planning algorithm, and the lunchbox is a touchable object that is within the robot's grasp range.
the pepper can grasp the hammer because it has a grasping capability through its mechanical hand, which is an end effector and can reach the hammer, and the hammer is a touch object located within the pepper's grasp range.
the robot can grasp the hammer because it has a grasping capability, which includes having a gripper and motion planning algorithm, and the hammer is a touchable object located in an area within the robot's grasp range, with its holding part width being smaller than the robot's opening width.
the pr2 robot can grasp the toy bucket because it has a grasping capability, which is based on having a gripper and a motion planning algorithm, and the toy bucket is a touch object located in an area within the robot's reach, with its holding part width being greater than the gripper's opening width.
the robot can grasp the toy bucket because it has a grasping capability based on its two-finger claw end effector, which is compatible with the toy bucket's handle and can reach it within its grasp range, while the toy bucket is a touchable object located in an area that is reachable by the robot.
the robot can grasp the cooking pot because it has a grasping capability, which includes having a mechanical hand that is compatible with the pot's handle and is within its reach due to the pot being in the area and the robot's opening width being greater than the pot's holding part width.
the pepper can grasp the lunchbox because it has a grasping capability, which includes having a two-finger claw as an end effector, and the lunchbox is a touch object that is within the robot's grasp range, with its holding part width being smaller than the robot's opening width.
the robot can grasp the suitcase because it has a grasping capability, which is based on having a two-finger claw as an end effector and the ability to perform motion planning, and the suitcase is a touch object that is located in the area within reach of the robot.
the robot can grasp the shovel because it has a grasping capability, which includes having a gripper and motion planning algorithm, and the shovel is a touch object located in an area that the robot can reach, with its holding part width being smaller than the gripper's opening width.
the robot can grasp the cooking pot because it has a grasping capability, which includes having a mechanical hand that is compatible with the pot's dimensions and is within the robot's reach, while the pot is a touchable object located in an area where the robot can interact with it.
the Tiago robot can grasp the lunchbox because it has a grasping capability, which includes having a gripper and motion planning algorithms, and the lunchbox is a touch object located in an area within the robot's reach, with its holding part width being greater than the robot's opening width.
the agent can grasp the object because it has a grasping capability, which includes having a gripper and a motion planning algorithm, and the object is touchable, located in an area reachable by the agent, and has a part that is graspable with a width greater than the gripper's opening width.
the Tiago robot can grasp the suitcase because it has a grasping capability based on its claw component, which is compatible with the hand grip part of the suitcase, and the suitcase is within the robot's reach due to its location in the area where the robot can interact.
the Tiago robot can grasp the hammer because it has a grasping capability based on its mechanical hand, which is compatible with the hammer's dimensions and the robot's reach, and the hammer is a touch object located within the robot's grasp range.
the pepper robot can grasp the suitcase because it has a grasping capability, which includes having a gripper and motion planning algorithm, and the suitcase is a touch object that is within the robot's grasp range.
the robot can grasp the suitcase because it has a grasping capability, which includes having a two-finger claw as an end effector, and the suitcase is within the robot's grasp range since it is touch-observable and located in an area the robot can reach.
the robot can grasp the mug because it has a grasping capability, which includes having a gripper and motion planning algorithms, and the mug is a touch object located in an area within the robot's reach, with its holding part width being smaller than the robot's opening width.
the Tiago robot can grasp the lunchbox because it has a grasping capability through its gripper, which is compatible with the lunchbox's dimensions and touchability, and the lunchbox is within the robot's reach due to its location in an area that is within the robot's grasp range.
the robot can grasp the shovel because it has a grasping capability through its mechanical hand, which is compatible with the shovel's dimensions and the robot's reach, and the shovel is a touch object located within the robot's grasp range.
the robot can perceive the book because it has a perceiving capability through its active Kinect V2 camera, which is capable of detecting scan codes and is within the robot's maximum distance range, while the book is registered, visible, and located in front of the robot.
the Tiago can perceive the luggage because it has a perceiving capability that includes a camera capable of detecting scan codes, and the luggage is in front of the camera and is visible.
the pepper robot can perceive the plate because it has a perceiving capability that includes a camera with active status and scan code detection algorithms, and the plate is in front of the camera and visible to the robot, which is within its maximum distance range.
the robot can perceive the plate because it has the capability to perceive objects, which includes having a camera and being able to detect scan codes, and the plate is in front of the camera, visible, and registered as a scannable part.
the pepper can perceive the plate because it has a perceiving capability that includes a camera with active status and a scan code detection algorithm, and the plate is in front of the camera and visible to the pepper.
the pepper can perceive the book because it has a perceiving capability that includes a camera capable of detecting scan codes, and the book is in front of the pepper and is visible to it.
the Tiago robot can perceive the box because it has a perceiving capability that includes a webcam and scan code detection algorithm, and the box is in front of the camera, visible by the robot, with a maximum distance range greater than the current distance.
the agent can perceive the appliance because it has a perceiving capability, which includes having a webcam and a scan code detection algorithm, and the appliance is in front of the camera and is visible by the agent.
the Pr2 robot can perceive the cube because it has a perceiving capability that includes a camera with a maximum distance range, and the cube is in front of the camera, visible to the robot, and registered as a scannable part.
the agent can perceive the appliance because it has a perceiving capability based on having a camera and a scan code detection algorithm, and the appliance is in front of the agent and visible to it.
the robot can perceive the luggage because it has a perceiving capability that includes having an RGBCamera and a ScanCodeDetectionAlgo, which are active components capable of scanning QR tags, and the luggage is in front of the camera and is registered and visible.
the pepper can perceive the book because it has a perceiving capability due to its active Kinect V2 camera, which is compatible with the book's scan tag and is in front of it, while the book is an object that is registered, visible, and located within the robot's maximum distance range.
the pepper robot can perceive the plate because it has a perceiving capability that includes having a webcam and an active scanning component, and the plate is in front of the camera and visible to the robot, with the robot's maximum distance range being greater than the plate's distance from the camera.
the Pr2 robot can perceive the appliance because it has a perceiving capability, which includes having a camera and an active scan code detection algorithm, and the appliance is in front of the robot, visible by it, and registered as a scannable part.
the Pr2 robot can perceive the book because it has a perceiving capability that includes a Kinect V2 camera, which is active and capable of detecting scan codes, and the book is registered, visible, and located in front of the robot, satisfying the conditions for perception.
the robot can perceive the cube because it has a perceiving capability based on its active RGBCamera component, which is registered and visible, and the cube is in front of the camera, with the robot's maximum distance range being greater than the cube's current distance.
the pepper can perceive the appliance because it has a perceiving capability that includes having a webcam and a scan code detection algorithm, and the appliance is visible by the pepper due to being in front of the camera, with the distance being within the maximum range the camera can detect.
the agent can perceive the box because it has a perceiving capability that includes a camera with active status and scan code detection algorithms, and the box is in front of the camera and visible to the agent.
the pepper can perceive the luggage because it has a perceiving capability that includes a camera with an active sensor and scan code detection algorithms, and the luggage is in front of the camera and is visible to the pepper.
the agent can perceive the object because it has a perceiving capability, which includes having a camera and an active scan code detection algorithm, and the object is in front of the camera and visible to the agent.
the pepper can lift the cooking pot because it has a lifting capability based on having two grippers, which are end effectors capable of holding objects, and the cooking pot's weight is less than the pepper's weight limit.
the agent can lift the object because it has a lifting capability based on having at least two grippers, and the object is touchable by the agent with components that are holdable parts, while its weight is less than the agent's weight limit.
the tiago robot can lift the oven tray because it has a lifting capability based on having two grippers, and the oven tray is a touchable object with a weight less than its own weight limit.
the pepper can lift the suitcase because it has a lifting capability due to having two grippers, and the suitcase is a holdable part that is touchable by the pepper. The pepper's weight limit allows it to lift the suitcase, as its weight is less than the limit.
the agent can lift the object because it has a lifting capability based on having at least two grippers, and the object is touchable by the agent with a weight less than its maximum lifting capacity.
the tiago robot can lift the toolbox because it has a lifting capability, which is based on having two grippers as components, and the toolbox is a holdable part with a weight less than the robot's weight limit.
the pr2 robot can lift the bucket because it has a lifting capability based on having two grippers, which are compatible with the bucket's handle and weight limit, and the bucket is a touchable object that is liftable due to having at least two holdable parts.
the agent can lift the object because it has a lifting capability based on having at least two grippers, and the object is touchable by the agent. The object's weight is less than the agent's weight limit, allowing the lift to occur.
the pepper can lift the cooking pot because it has a lifting capability based on having two grippers, which are end effectors capable of holding objects, and the cooking pot's weight is less than the pepper's weight limit.
the robot can lift the suitcase because it has a lifting capability, which is based on having two grippers as components, and the suitcase is a liftable object with a weight that is less than the robot's weight limit.
the pr2 robot can lift the toolbox because it has a lifting capability based on having two grippers, and the toolbox is a touchable object with a weight less than the robot's weight limit.
the robot can lift the suitcase because it has a lifting capability based on having two grippers, and the suitcase is an object with a holdable part that can be touched by the robot, while its weight is less than the robot's weight limit.
the Tiago robot can lift the oven tray because it has a lifting capability based on having two grippers, and the oven tray is a touchable object with a weight less than its own weight limit.
the robot can lift the laundry basket because it has a lifting capability, which is based on having two grippers as components, and the laundry basket is a holdable part that the robot can touch, with its weight being less than the robot's weight limit.
the pepper can lift the toolbox because it has a lifting capability based on having two grippers, and the toolbox is a holdable part that the pepper can touch, with its weight being less than the robot's weight limit.
the robot can lift the oven tray because it has a lifting capability, which is based on having two grippers as components, and the oven tray is a touchable object with a weight that is less than the robot's weight limit.
the robot can lift the bucket because it has a lifting capability, which is based on having two grippers as components, and the bucket is a holdable part that the robot can touch, with its weight being less than the robot's weight limit.
the robot can lift the bucket because it has a lifting capability based on having two grippers, and the bucket is a holdable part with a weight less than the robot's weight limit.
the pr2 robot can lift the laundry basket because it has a lifting capability, which is based on having two grippers as components, and the laundry basket is a touchable object with a weight that is less than the robot's weight limit.
the tiago robot can lift the cooking pot because it has a lifting capability based on having two grippers, which are compatible with the cooking pot's components and weight, and the robot's weight limit allows it to lift the pot.
the pepper can push the office chair because it has a pushing capability, which requires a gripper with applicable force equal to the force needed, and the chair is on a table within the robot's moving range.
the agent can push the object because it has a pushing capability, which is based on having a gripper and not holding anything, while the object is on a table and within the agent's moving range.
the robot can push the toy wagon because it has a pushing capability, which is based on having a gripper capable of applying force, and the toy wagon is within the robot's moving range and on a table, making it approachable.
the robot can push the mini shopping cart because it has a pushing capability, which is based on having a gripper and not holding anything, while the cart is on a table and within the robot's moving range. The robot also has an applicable force equal to the force required to push the cart.
the pepper can push the office chair because it has a pushing capability, which requires a gripper with applicable force and the chair is on a table within the robot's moving range.
the robot can push the office chair because it has a pushing capability, the chair is an object that requires force and has a displacement disposition, and the robot is within the moving range of the chair while holding a gripper with applicable force.
the pepper can push the office chair because it has a pushing capability, which requires a certain amount of force that both the pepper and the chair have, and the chair is on a table within the pepper's moving range.
the pr2 robot can push the toy wagon because it has a pushing capability, which is based on having a gripper and not holding anything, while the toy wagon is within the robot's moving range and on a table, making it approachable.
the pepper can push the office chair because it has a pushing capability, which requires a gripper with applicable force of 51 units, and the chair is on a table within the robot's moving range.
the pr2 robot can push the remote-controlled car because it has a pushing capability, which is based on having a gripper and not holding anything, while the remote-controlled car is pushable due to having a caster that operates on a rollable surface and being on a table, and both are within the robot's moving range.
the agent can push the object because it has a pushing capability, which is based on having a gripper and not holding anything, while the object is on a table and within the agent's moving range.
the pr2 robot can push the office chair because it has a pushing capability, which is based on having a gripper capable of applying force, and the chair is within the robot's moving range while seated on a table.
the pepper can push the Roomba robot because it has a pushing capability, which is based on having a gripper and not holding anything, while the Roomba robot is on a table and within the pepper's moving range, requiring the same amount of force to push as it has.
the pepper can push the mini shopping cart because it has a pushing capability, which is based on having a gripper that can apply a force of 93 units and the cart is within its moving range while on the table.
the robot can push the remote-controlled car because it has a pushing capability, which is based on having a gripper (a two-finger claw) that is not currently holding something, and the remote-controlled car is on a rollable surface and within the robot's moving range, requiring the same amount of force to push as the robot can apply.
the robot can push the object because it has a pushing capability, which is based on having a gripper capable of pushing and the object being within the robot's moving range, as well as the robot being able to apply force equal to what the object requires.
the robot can push the shopping cart because it has a pushing capability, which is based on having a gripper and not holding anything, while the shopping cart is on a table and within the robot's moving range, and both the robot and the cart require the same amount of force to push.
the robot can push the office chair because it has a pushing capability, which is based on having a gripper capable of holding something, and the chair is within the robot's moving range while also being on a rollable surface. The robot's applicable force matches the force required to push the chair.
the pepper can push the mini shopping cart because it has a pushing capability, which requires a certain force and is applicable to the robot, while the mini shopping cart is on a table and within the robot's moving range, allowing the robot to approach and push it.
the agent can push the object because it has a pushing capability, which is based on having a gripper and not holding anything, while the object is on a table and within the agent's moving range.
the pepper can lift the cooking pot because it has a lifting capability, which includes having two grippers and a motion planning algorithm, and the cooking pot is a touchable object that is within the robot's moving range, with its weight being less than the robot's weight limit.
the agent can lift the object because it has a lifting capability, which includes having at least two grippers and a motion planning algorithm, and the object is on touchable support and within the robot's moving range. Additionally, the object's weight is less than the robot's weight limit, making it liftable.
the Tiago robot can lift the oven tray because it has the lifting capability due to its two grippers and motion planning algorithm, and the oven tray is a touchable object that is within the robot's moving range, with its weight being less than the robot's weight limit.
the pepper robot can lift the suitcase because it has the lifting capability due to having two grippers and a motion planning algorithm, and the suitcase is a touchable object that is within the robot's moving range. The robot's weight limit allows it to lift the suitcase, which is currently on touch support.
the agent can lift the object because it has a lifting capability, which includes having at least two grippers and a motion planning algorithm, and the object is both touchable by the agent and within its moving range, with the object's weight being less than the agent's weight limit.
the tiago robot can lift the toolbox because it has a lifting capability, which is based on having at least two grippers and a motion planning algorithm, and the toolbox is liftable with a weight less than the robot's weight limit.
the pr2 robot can lift the bucket because it has a lifting capability, which includes having two grippers and a motion planning algorithm, and the bucket is a touchable object that is within the robot's moving range and has a weight below its weight limit.
the agent can lift the object because it has a lifting capability, which includes having two grippers and a motion planning algorithm, and the object is touchable and within the agent's moving range, with its weight being less than the agent's weight limit.
the pepper robot can lift the cooking pot because it has a lifting capability based on having two grippers and a motion planning algorithm, and the cooking pot is a touchable object that is within the robot's moving range, with its weight being less than the robot's weight limit.
the robot can lift the suitcase because it has a lifting capability, which is based on having two grippers and a motion planning algorithm, and the suitcase is liftable with a weight that is less than the robot's weight limit.
the robot can lift the toolbox because it has the lifting capability, which is based on having at least two grippers and a motion planning algorithm, and the toolbox is a touchable object that is within the robot's moving range and has a weight below its weight limit.
the robot can lift the suitcase because it has a lifting capability, which includes having two grippers and a motion planning algorithm, and the suitcase is touchable by the robot, with its weight being less than the robot's weight limit.
the Tiago robot can lift the oven tray because it has a lifting capability based on having two grippers and a motion planning algorithm, and the oven tray is a touchable object that is within the robot's moving range, with its weight being less than the robot's weight limit.
the robot can lift the laundry basket because it has a lifting capability, which includes having two grippers and a motion planning algorithm, and the laundry basket is a touchable object that is within the robot's moving range and can be used.
the pepper can lift the toolbox because it has a lifting capability, which is based on having at least two grippers and a motion planning algorithm, and the toolbox is touchable by the pepper as it is within its moving range, with the robot's weight limit being greater than the toolbox's weight.
the robot can lift the oven tray because it has the lifting capability, which is based on having at least two grippers and a motion planning algorithm, and the oven tray is liftable with a weight that is less than the robot's weight limit.
the robot can lift the bucket because it has a lifting capability, which includes having two grippers and a motion planning algorithm, and the bucket is liftable with a weight less than the robot's weight limit. The robot is also within the touching range of the bucket, allowing it to interact with it.
the robot can lift the bucket because it has a lifting capability, which requires having at least two grippers and a motion planning algorithm, and the bucket is touchable by the robot as it is on the robot's hand grip, which is holdable and can be used, with its weight being less than the robot's weight limit.
the robot can lift the laundry basket because it has a lifting capability, which is based on having two grippers and a motion planning algorithm, and the laundry basket is liftable with a weight less than the robot's weight limit.
the Tiago robot can lift the cooking pot because it has a lifting capability, which includes having two grippers and a motion planning algorithm, and the cooking pot is both touchable by the robot and within its moving range, with its weight being less than the robot's weight limit.
the robot can grasp the shovel because it has a grasping capability that includes both a gripper and motion planning algorithm, and the shovel is a touch object with a hand grip part that is within the robot's reach.
the pepper robot can grasp the lunchbox because it has a grasping capability that includes both a gripper and a motion planning algorithm, and the lunchbox is a touch object that is within the robot's grasp range due to its smaller holding width compared to the gripper's opening width.
the pepper robot can grasp the hammer because it has a grasping capability that includes both a gripper and a motion planning algorithm, and the hammer is a touch object that is within the robot's grasp range. The robot's mechanical hand has an opening width larger than the hammer's holding part width, allowing it to grasp the object.
the robot can grasp the hammer because it has the grasping capability, which requires both a gripper and a motion planning algorithm as components, and the hammer is a touch object that is within the robot's grasp range.
the pr2 robot can grasp the toy bucket because it has a grasping capability through its gripper and motion planning algorithm, and the toy bucket is within the reach of the robot, being a touch object that it can hold, with its holding part width being greater than the opening width of the gripper.
the pr2 robot can grasp the toy bucket because it has a grasping capability due to its two-finger claw and motion planning algorithm, which are components of an end effector, and the toy bucket is within the robot's reach as it is touchable and contained in the robot's graspable range.
the robot can grasp the cooking pot because it has a grasping capability that includes both a gripper and a motion planning algorithm, and the cooking pot is a touch object that is within the robot's reach due to its size being smaller than the robot's opening width.
the pepper can grasp the lunchbox because it has a grasping capability that includes both a gripper and a motion planning algorithm, and the lunchbox is a touch object that is within the pepper's reach.
the pr2 robot can grasp the suitcase because it has a grasping capability that includes both a gripper and a motion planning algorithm, and the suitcase is a touch object that is within the robot's grasp range. The robot's two-finger claw is a gripper and the handle of the suitcase is a graspable part, with the robot's opening width being greater than the suitcase's holding part width.
the robot can grasp the shovel because it has a grasping capability that includes both a gripper and a motion planning algorithm, and the shovel is a touch object that is within the robot's reach due to its size being smaller than the robot's opening width.
the agent can grasp the object because it has both a gripper and a motion planning algorithm, which are necessary for grasping, and the object is within the agent's reach as it is a touchable object contained in the agent's graspable range.
the Tiago robot can grasp the lunchbox because it has a grasping capability that includes both a gripper and motion planning algorithms, and the lunchbox is a touch object that is within the robot's reach through its hand grip component, which has an opening width greater than the holding part width of the lunchbox.
the agent can grasp the cooking pot because it has a grasping capability that includes both a gripper and a motion planning algorithm, and the cooking pot is a touch object that is within the agent's grasp range.
the Tiago robot can grasp the suitcase because it has a grasping capability that includes both a gripper and a motion planning algorithm, and the suitcase is a touch object that is within the robot's grasp range.
the Tiago robot can grasp the hammer because it has a grasping capability that includes both a gripper and a motion planning algorithm, and the hammer is a touch object that is within the robot's reach due to its size being smaller than the robot's opening width.
the pepper robot can grasp the suitcase because it has a grasping capability that includes both a gripper and a motion planning algorithm, and the suitcase is a touch object that is within the robot's grasp range due to its handle being larger than the gripper's opening width.
the robot can grasp the suitcase because it has a grasping capability that includes both a gripper and a motion planning algorithm, and the suitcase is a touch object with a handle that is within the robot's reach.
the robot can grasp the mug because it has a grasping capability that includes both a gripper and a motion planning algorithm, and the mug is a touch object that is within the robot's reach through its end effector, which has an opening width greater than the mug's holding part width.
the Tiago robot can grasp the lunchbox because it has a grasping capability through its gripper and motion planning algorithm components, and the lunchbox is within the robot's reach as it is touch-observable and contained in the robot's graspable range.
the agent can grasp the shovel because it has a grasping capability that includes both a gripper and a motion planning algorithm, and the shovel is a touch object that is within the agent's reach through its component parts. The mechanical hand of the agent has an opening width larger than the holding part width of the shovel, allowing it to grasp it.
Directory '/Users/holocron/miniproject-hertfordshire-2026/code/inference_explanation_benchmark/dataset_2026/answers/Bonsai-8B-Q1_0-LMStudio/labeled' created successfully.
the agent can grasp the object because it has a grasping capability, which requires both a gripper and a motion planning algorithm, and the object is a touchable part of a container that is within the agent's reach.
the pepper agent can grasp the lunchbox because it has a grasping capability that includes both a gripper and a motion planning algorithm, the lunchbox is a touch object and is contained within the agent's reach, and the gripper's opening width is greater than the lunchbox's holding part width.
the pepper agent can grasp the hammer because it has a grasping capability through its mechanical hand, which is an end effector and compatible with the object's touchability, and the hammer is within the agent's reach due to the hand's opening width being greater than the hammer's holding part width.
the agent can grasp the object because it has a grasping capability, which requires both a gripper and a motion planning algorithm, and the object is touchable and contained within the agent's reach due to its size being smaller than the gripper's opening width.
the agent can grasp the object because it has a grasping capability, which requires both a gripper and a motion planning algorithm, and the object is within reach as it is a touch object contained in the agent's graspable range.
the agent can grasp the object because it has a grasping capability, which requires both a gripper and a motion planning algorithm, and the object is touchable and contained within the agent's reach, with the gripper's opening width being greater than the object's holding part width.
the agent can grasp the object because it has a grasping capability, which requires both a gripper and a motion planning algorithm, and the object is within the agent's reach due to being touchable and contained in a container that is within the agent's grasp range.
the pepper agent can grasp the lunchbox because it has a grasping capability, which requires both a gripper and a motion planning algorithm, and the lunchbox is a touch object that is within the agent's reach due to its size being smaller than the gripper's opening width.
the agent can grasp the object because it has a grasping capability, which requires both a gripper and a motion planning algorithm, and the object is within the agent's reach due to being touchable and contained in a container that is within the agent's grasp range.
the robot can grasp the shovel because it has a grasping capability that includes both a gripper and a motion planning algorithm, the shovel is a touch object contained within the agent's reach, and the gripper's opening width is greater than the shovel's holding part width.
the agent can grasp the object because it has a grasping capability, which includes having both a gripper and a motion planning algorithm, and the object is a touchable cooking pot that is within the agent's reach due to its size being smaller than the gripper's opening width.
the agent can grasp the object because it has a grasping capability, which requires both a gripper and a motion planning algorithm, and the object is within the agent's reach due to being touchable and contained in a container that is within the agent's grasp range.
the agent can grasp the object because it has a grasping capability, which includes having both a gripper and a motion planning algorithm, and the object is within the agent's reach as it is a touchable object contained in a container that the agent can grasp.
the agent can grasp the object because it has a grasping capability, which requires both a gripper and a motion planning algorithm, and the object is within the agent's reach as it is a touchable object contained in a container that the agent can reach with its end effector, which has an opening width greater than the object's holding part width.
the agent can grasp the object because it has a grasping capability, which requires both a gripper and a motion planning algorithm, and the object is a touchable and graspable part that is within the agent's reach.
the pepper agent can grasp the suitcase because it has a grasping capability through its gripper and motion planning algorithm, the suitcase is a touch object contained within the agent's reach, and the gripper's opening width is greater than the suitcase's holding part width.
the agent can grasp the object because it has a grasping capability, which requires both a gripper and a motion planning algorithm, and the object is touchable and contained within the agent's reach due to its size being smaller than the gripper's opening width.
the robot can grasp the mug because it has a grasping capability, which includes having both a gripper and a motion planning algorithm, and the mug is a touch object that is within the robot's reach due to its size being smaller than the robot's opening width.
the agent can grasp the object because it has a grasping capability, which requires both a gripper and a motion planning algorithm, and the object is within the agent's reach as it is a touch object contained in a container that is within the agent's grasp range.
the agent can grasp the object because it has a grasping capability, which requires both a gripper and a motion planning algorithm, and the object is a shovel that is touchable and contained within the agent's grasp range.
the pepper agent can push the office chair because it has a pushing capability through its gripper, which is a rigid end effector and can apply force, while the chair is on the table, in a safe area, and within the agent's moving range.
the agent can push the object because it has a pushing capability through its gripper, which is an end effector capable of applying force, and the object is pushable due to having a caster on a rollable surface and being within the agent's moving range.
the robot can push the object because it has a pushing capability, which is based on having a gripper that is not holding anything and is a rigid end effector, while the object is on a table in a safe area and within the agent's moving range.
the robot can push the mini shopping cart because it has a pushing capability through its gripper, which is a rigid end effector, and the cart is on a table in a safe area and within the robot's moving range.
the pepper agent can push the office chair because it has a pushing capability through its gripper, which is a two-finger claw and compatible with the chair's type, and the chair is in a safe area on a table, making it approachable by the agent.
the robot can push the object because it has a pushing capability through its gripper, which is an end effector capable of applying force, and the object is in a position where it can be pushed—specifically, it is on a table, within the safe area, and approachable by the robot.
the pepper agent can push the office chair because it has a pushing capability through its gripper, which is compatible with the chair's requirements and the chair is in a safe area and within the agent's moving range.
the agent can push the object because it has a pushing capability through its gripper, which is an end effector capable of applying force, and the object is pushable due to its disposition on the table in a safe area and being within the agent's moving range.
the pepper agent can push the office chair because it has a pushing capability through its gripper, which is a rigid end effector, and the chair is in a safe area on a table, making it approachable by the agent with the applicable force of 51.
the agent can push the object because it has a pushing capability, which requires a gripper with a rigid end effector capable of applying force, and the object is pushable due to being on a rollable surface and not blocked, while also being within the agent's moving range and on a safe table.
the agent can push the object because it has a pushing capability through its gripper, which is a rigid end effector, and the object is on a table in a safe area and within the agent's moving range.
the agent can push the object because it has a pushing capability through its gripper, which is an end effector capable of applying force, and the object is pushable due to having a part that is on a rollable surface and not blocked, while also being within the agent's safe area and on a table.
the pepper agent can push the object because it has a pushing capability through its gripper, which is a rigid end effector, and the object is on a table in a safe area and within the agent's moving range.
the pepper agent can push the mini shopping cart because it has a pushing capability through its gripper, which is an end effector capable of applying force, and the cart is within the agent's moving range, on a table in a safe area, and not blocked by anything.
the robot can push the remote-controlled car because it has a pushing capability through its gripper, which is an end-effector capable of applying force, and the car is in a position where it is on a table, within the safe area, and approachable by the robot.
the robot can push the object because it has a pushing capability through its gripper, which is a rigid end effector and capable of applying force, while the object is on a table in a safe area and within the robot's moving range.
the robot can push the mini shopping cart because it has a pushing capability through its gripper, which is an end effector capable of applying force, and the cart is within the robot's moving range, on a table in a safe area, and not blocked by anything.
the robot can push the office chair because it has a pushing capability through its gripper, which is an end effector capable of applying force, and the chair is in a safe area on a table, making it approachable by the robot.
the pepper agent can push the mini shopping cart because it has a pushing capability, which is based on having a gripper that is not holding anything and is a rigid end effector, while the cart is on a table in a safe area and within the agent's moving range.
the agent can push the object because it has a pushing capability, which requires a gripper with a force of 18 units and the object is on a table in a safe area within the agent's moving range.
the agent can lift the object because it has a lifting capability, which requires at least two grippers and a motion planning algorithm, and the object is liftable, can be used, and is on touchable support within the agent's accessible area.
the agent can lift the object because it has a lifting capability, which requires at least two grippers and a motion planning algorithm, and the object is liftable, can be used, and is on touchable support within the agent's moving range.
the agent can lift the object because it has a lifting capability, which requires at least two grippers and a motion planning algorithm, and the object is liftable, can be used, and is on touchable support while within the agent's moving range.
the pepper agent can lift the suitcase because it has a lifting capability, which requires at least two grippers and a motion planning algorithm, and the suitcase is liftable, can be used, and is on touchable support while within the agent's accessible area.
the agent can lift the object because it has a lifting capability, which requires at least two grippers and a motion planning algorithm, and the object is liftable, can be used, and is on touchable support within the agent's accessible area and moving range.
the agent can lift the object because it has a lifting capability, which requires at least two grippers and a motion planning algorithm, and the object is liftable, on touchable support, in an accessible area, and within the agent's reach.
the agent can lift the object because it has a lifting capability, which requires at least two grippers and a motion planning algorithm, and the object is liftable, can be used, and is on touchable support within the agent's moving range.
the agent can lift the object because it has a lifting capability, which requires at least two grippers and a motion planning algorithm, and the object is liftable with a weight less than the agent's weight limit.
the pepper agent can lift the cooking pot because it has a lifting capability, which requires at least two grippers and a motion planning algorithm, and the cooking pot is liftable, can be used, and is on touchable support within the agent's accessible area.
the robot can lift the suitcase because it has a lifting capability, which includes having two grippers and a motion planning algorithm, and the suitcase is liftable, on touchable support, in an accessible area, and within the robot's reach.
the agent can lift the object because it has a lifting capability, which requires at least two grippers and a motion planning algorithm, and the object is liftable with a weight less than the agent's weight limit.
the agent can lift the object because it has a lifting capability, which requires at least two grippers and a motion planning algorithm, and the object is liftable, can be used, and is on touchable support within the agent's accessible area.
the agent can lift the object because it has a lifting capability, which requires at least two grippers and a motion planning algorithm, and the object is liftable, can be used, and is on touchable support within the agent's accessible area and moving range.
the robot can lift the laundry basket because it has a lifting capability, which includes having two grippers and a motion planning algorithm, and the laundry basket is liftable, on touchable support, in an accessible area, and within the robot's moving range.
the pepper agent can lift the object because it has a lifting capability, which requires at least two grippers and a motion planning algorithm, and the object is on touchable support, in an accessible area, and within the agent's moving range, while also having a weight less than the agent's weight limit.
the robot can lift the object because it has a lifting capability, which requires at least two grippers and a motion planning algorithm, and the object is liftable, can be used, and is on touchable support within the accessible area, with its weight being less than the robot's weight limit.
the robot can lift the object because it has a lifting capability, which requires at least two grippers and a motion planning algorithm, and the object is liftable, on touchable support, and within the robot's moving range.
the agent can lift the object because it has a lifting capability, which requires at least two grippers and a motion planning algorithm, and the object is liftable, on touchable support, in an accessible area, and within the agent's moving range.
the agent can lift the object because it has a lifting capability, which requires at least two grippers and a motion planning algorithm, and the object is liftable, on touchable support, in an accessible area, and within the agent's moving range.
the agent can lift the object because it has a lifting capability, which requires at least two grippers and a motion planning algorithm, and the object is liftable, can be used, and is on touchable support within the agent's accessible area.
the agent can grasp the object because it has a grasping capability, which includes having a gripper component, and the object is reachable by the agent with a grip width that is greater than the holding part width of the object.
the pepper agent can grasp the lunchbox because it has a grasping capability through its gripper component, which is an end effector and can reach the lunchbox. The lunchbox is reachable by the agent and has a holding part width that is greater than the opening width of the gripper, making it possible for the agent to grasp it.
the pepper agent can grasp the hammer object because it has a grasping capability, which includes having a mechanical hand that is an end effector and can reach the object, and the hammer's holding part width is greater than the mechanical hand's opening width, making it possible for the agent to grasp it.
the agent can grasp the object because it has a grasping capability, which includes having a gripper component, and the object is reachable by the agent with a gripable part that fits within the agent's opening width.
the agent can grasp the object because it has a grasping capability, which includes having a gripper component, and the object is reachable by the agent with a width that allows for gripping.
agent can grasp the object because it has a grasping capability, which includes having a gripper component, and the object is reachable by the agent with a width that allows for gripping.
the agent can grasp the object because it has a grasping capability, which includes having a gripper component, and the object is reachable by the agent with a handle that is larger than the object's holding part width.
the pepper agent can grasp the lunchbox because it has a grasping capability, which includes having a gripper that is compatible with the object's dimensions and can reach it, and the lunchbox is both reachable by the agent and has parts that can be grasped.
the agent can grasp the object because it has a grasping capability, which includes having a gripper component, and the object is reachable by the agent with a handle that is wider than the object's holding part, allowing for a successful grasp.
the robot can grasp the shovel because it has a grasping capability through its gripper component, which is compatible with the shovel's handle as the gripper's opening width is greater than the shovel's holding part width, and the shovel is reachable by the robot.
the agent can grasp the object because it has a grasping capability, which includes having a gripper component, and the object is reachable by the agent with a hand grip that has an opening width greater than the object's holding part width.
the agent can grasp the object because it has a grasping capability, which includes having a gripper component, and the object is reachable by the agent with a width that allows it to be held, as the gripper's opening width is greater than the object's holding part width.
the agent can grasp the object because it has a grasping capability, which includes having a gripper component, and the object is reachable by the agent with a grip width that is greater than the holding part width of the object.
the agent can grasp the object because it has a grasping capability, which includes having a gripper component, and the object is reachable by the agent with a handgrip part that has an opening width greater than the object's holding part width.
the agent can grasp the object because it has a grasping capability, which includes having a gripper component, and the object is reachable by the agent and has a part that is graspable, with the gripper's opening width being greater than the object's holding part width.
the pepper agent can grasp the suitcase because it has a grasping capability, which includes having a gripper component, and the suitcase is reachable by the agent with a grip width that exceeds the handle width, making it possible for the agent to grasp it.
the agent can grasp the object because it has a grasping capability, which includes having a gripper component, and the object is reachable by the agent with a handle that is wider than the object's holding part, making it possible for the agent to grasp the object.
the robot can grasp the mug because it has a grasping capability through its claw end effector, which is compatible with the mug's grip part, and the robot's opening width is greater than the mug's holding part width.
the agent can grasp the object because it has a grasping capability, which includes having a gripper component, and the object is reachable by the agent, with its holding part width being greater than the opening width of the gripper.
the agent can grasp the object because it has a grasping capability, which includes having a gripper component, and the object is reachable by the agent and has a part that is graspable. Additionally, the gripper's opening width is greater than the object's holding part width, allowing for a successful grasp.
the robot can perceive the book because it has a perceiving capability through its camera, which has a maximum distance range greater than the book's current distance from the robot, and the book is an object with a scannable part that can be perceived by the robot.
the agent can perceive the object because it has a perceiving capability, which includes having a camera capable of seeing objects at a distance, and the object is within the camera's maximum range and visible by the agent.
the pepper agent can perceive the plate because it has a perceiving capability through its Kinect V2 camera, which has a maximum distance range of 95 units and the plate is visible by the agent at a distance of 21 units, which is greater than the camera's range.
the agent can perceive the object because it has a perceiving capability, which includes having a camera capable of perceiving objects at a distance, and the object is within the camera's maximum distance range.
the pepper agent can perceive the plate because it has a perceiving capability through its Kinect V2 camera, which can see the plate from a distance greater than the maximum range of the camera. The plate is visible by the agent and is part of a scannable object.
the agent can perceive the object because it has a perceiving capability, which includes having a camera capable of seeing objects at a distance, and the object is within the camera's maximum distance range and visible by the agent.
the agent can perceive the object because it has a perceiving capability, which includes having a camera as a component, and the object is visible by the agent at a distance less than the maximum range of the camera.
the agent can perceive the object because it has a perceiving capability, which includes having a camera as a component, and the object is visible by the agent at a distance within the camera's maximum range.
the agent can perceive the object because it has a perceiving capability, which includes having a camera capable of perceiving objects at a distance, and the object is within the camera's maximum distance range and visible by the agent.
the agent can perceive the object because it has a perceiving capability, which is based on having a camera component, and the object is visible by the agent within its maximum distance range, which is greater than the object's current distance from the agent.
the robot can perceive the object because it has a perceiving capability through its camera, which has a maximum distance range greater than the object's current distance from the robot. The object is a luggage and is visible by the robot, and the robot's camera is capable of perceiving such objects.
the pepper agent can perceive the book because it has a perceiving capability through its Kinect V2 camera, which has a maximum distance range greater than the book's distance from the agent. The book is an object with a disposition for being perceived, and it contains a scannable part that the agent can perceive.
the pepper agent can perceive the plate because it has a perceiving capability through its webcam component, which has a maximum distance range greater than the distance at which the plate is located.
the agent can perceive the object because it has a perceiving capability, which includes having a camera capable of seeing objects at a distance, and the object is within the camera's maximum range and visible by the agent.
the agent can perceive the object because it has a perceiving capability, which includes having a camera capable of detecting objects at a distance, and the object is within the camera's range. The object is a book, and the agent can see it through its camera.
the robot can perceive the cube because it has a perceiving capability through its camera component, which has a maximum distance range greater than the cube's current distance from the robot.
the pepper agent can perceive the object because it has a perceiving capability through its camera, which has a maximum distance range greater than the object's distance from the agent. The object is an appliance and is visible by the agent, with the camera being a component of the agent.
the agent can perceive the object because it has a perceiving capability, which is based on having a camera as a component, and the object is visible by the agent from a distance greater than the camera's maximum range.
the pepper agent can perceive the luggage because it has a perceiving capability through its camera, which has a maximum distance range greater than the distance at which the luggage is located.
the agent can perceive the object because it has a perceiving capability, which includes having a camera capable of sensing objects at a distance, and the object is within the camera's range and visible by the agent.
the agent can lift the object because it has a lifting capability, which requires at least two grippers, and the object is liftable with a weight that is less than the agent's weight limit.
the agent can lift the object because it has a lifting capability, which requires at least two grippers, and the object is liftable with a weight that is less than the agent's weight limit.
the agent can lift the object because it has a lifting capability, which requires at least two grippers, and the object is liftable with a weight that is less than the agent's weight limit.
the pepper agent can lift the suitcase because it has a lifting capability, which requires at least two grippers, and the suitcase is touchable by the agent with parts that are holdable, while its weight is less than the agent's weight limit.
the agent can lift the object because it has a lifting capability, which requires at least two grippers, and the object is liftable with a weight that is less than the agent's gripper weight limit.
the agent can lift the object because it has a lifting capability, which requires at least two grippers, and the object is liftable with a weight that is less than the agent's weight limit.
the agent can lift the object because it has a lifting capability, which requires at least two grippers, and the object is liftable with a weight that is less than the agent's weight limit.
the agent can lift the object because it has a lifting capability, which requires at least two grippers, and the object is liftable with a weight that is less than the agent's weight limit.
the pepper agent can lift the cooking pot because it has a lifting capability, which requires at least two grippers, and the cooking pot is both touchable by the agent and has a weight that is less than the weight limit of the gripper.
the robot can lift the suitcase because it has a lifting capability, which is based on having at least two grippers, and the suitcase is liftable with a weight that is less than the robot's weight limit.
the agent can lift the object because it has a lifting capability, which requires at least two grippers, and the object is liftable with a weight that is less than the agent's weight limit.
the agent can lift the object because it has a lifting capability, which requires at least two grippers, and the object is liftable with a weight that is less than the agent's weight limit.
the agent can lift the object because it has a lifting capability, which requires at least two grippers, and the object is touchable by the agent, with its weight being less than the agent's weight limit.
the robot can lift the laundry basket because it has a lifting capability, which is based on having at least two grippers, and the laundry basket is liftable with a weight that is less than the robot's weight limit.
the pepper agent can lift the object because it has a lifting capability, which requires at least two grippers, and the object is both touchable by the agent and has parts that are holdable, with its weight being less than the agent's weight limit.
the robot can lift the object because it has a lifting capability, which requires at least two grippers, and the object is touchable by the robot, with its weight being less than the robot's weight limit.
the robot can lift the object because it has a lifting capability, which requires at least two grippers, and the object is liftable with a weight that is less than the robot's weight limit.
the agent can lift the object because it has a lifting capability, which requires at least two grippers, and the object is liftable with a weight that is less than the agent's weight limit.
the agent can lift the object because it has a lifting capability, which requires at least two grippers, and the object is touchable by the agent with parts that are holdable, and its weight is less than the agent's weight limit.
the agent can lift the object because it has a lifting capability, which requires at least two grippers, and the object is liftable with a weight that is less than the agent's weight limit.
the agent can grasp the object because it has a grasping capability, which includes having a two-finger claw gripper that is not currently holding something and the object is a shovel, is touchable, and located in a room where the agent is within reach.
the pepper agent can grasp the lunchbox because it has a grasping capability, the lunchbox is a touch object and is located in an area within the agent's reach, and the agent's gripper has an opening width greater than the lunchbox's holding part width.
the pepper agent can grasp the hammer because it has a grasping capability, which includes having a mechanical hand capable of reaching and holding objects, and the hammer is within the agent's grasp range as it is touchable and contained in a container located in an area the agent can reach.
the agent can grasp the object because it has a grasping capability, which includes having a gripper that is an end effector and capable of reaching the object, while the object is a touchable and contained in a container located in a room, and the gripper's opening width is greater than the object's holding part width.
the agent can grasp the object because it has a grasping capability, which includes having a gripper that is an end effector and can open, while the object is a toy bucket that is touchable, located in a room, and not already being held by the agent.
agent can grasp the object because it has a grasping capability, which includes having a two-finger claw end effector with an opening width greater than the object's holding part width, and the object is touchable and located in an area reachable by the agent.
the agent can grasp the object because it has a grasping capability, which includes having a mechanical hand capable of reaching and holding objects, and the object is within the agent's grasp range, is touchable, and is located in an area where it can be reached.
the pepper agent can grasp the lunchbox because it has a grasping capability, the lunchbox is a touchable object located in the room and is within the reach of the gripper, which has an opening width larger than the holding part width of the lunchbox.
the agent can grasp the object because it has a grasping capability, which includes having a two-finger claw gripper that is not already in use and can reach the object, while the object is a touchable suitcase contained in a container located in a room, and the gripper's opening width is greater than the object's holding part width.
the robot can grasp the shovel because it has a grasping capability, which includes having a gripper and motion planning algorithms, and the shovel is a touch object located in the room and within the robot's grasp range.
the agent can grasp the object because it has a grasping capability, which includes having a mechanical hand capable of reaching and holding objects, and the object is touchable and located in an area within the agent's grasp range.
the agent can grasp the object because it has a grasping capability, which includes having a claw as an end effector with an opening width greater than the object's holding part width, and the object is touchable and located in an area reachable by the agent.
the agent can grasp the object because it has a grasping capability, the object is touchable and located in an area within reach of the agent, and the object's holding part width is smaller than the agent's opening width, allowing for a successful grasp.
the agent can grasp the object because it has a grasping capability, which includes having a claw as an end effector with an opening width greater than the object's holding part width, and the object is touchable and located in an area reachable by the agent.
the agent can grasp the object because it has a grasping capability, which includes having a mechanical hand capable of reaching and holding objects, and the object is touchable and located in an area within the agent's reach.
the pepper agent can grasp the suitcase because it has a grasping capability, the suitcase is a touchable object that is within the agent's reach, and the agent's gripper has an opening width greater than the suitcase's holding part width.
the agent can grasp the object because it has a grasping capability, which includes having a two-finger claw end effector with an opening width greater than the object's holding part width, and the object is touch-observable and contained in a container located within the agent's reach.
the robot can grasp the mug because it has a grasping capability, the mug is a touchable object located in the room and within the robot's reach, and the robot's opening width is greater than the mug's holding part width.
the agent can grasp the object because it has a grasping capability, which includes having a gripper and a motion planning algorithm, and the object is touchable, located in an area reachable by the agent, and has a part that is within the agent's grasp range.
the agent can grasp the object because it has a grasping capability, which includes having a mechanical hand capable of reaching and holding objects, and the object is both touchable and located within the agent's grasp range.
the robot can perceive the book because it has a perceiving capability through its active Kinect V2 camera, which is capable of detecting scan codes and is positioned in front of the book, and the book is registered, visible, and contains a scannable part that is within the camera's maximum distance range.
the agent can perceive the object because it has a perceiving capability, which includes having a camera and an active scan code detection algorithm, and the object is in front of the camera, visible to the agent, and contains a scannable part that is registered and visible.
the pepper agent can perceive the plate because it has a perceiving capability through its active Kinect V2 camera, which can detect scan codes and is within the maximum distance range of the plate, and the plate is visible by the agent and located in front of it.
the agent can perceive the object because it has a perceiving capability, which includes having a camera and an active scan code detection algorithm, and the object is visible by the agent, located in front of the camera, and contains a scannable part that is registered and visible.
the pepper agent can perceive the plate because it has a perceiving capability through its active Kinect V2 camera, which is capable of detecting scan codes and is positioned in front of the plate, allowing the agent to see it.
the pepper agent can perceive the book because it has a perceiving capability through its active camera, which can detect scannable codes from objects in front of it, and the book is registered, visible, and located within the camera's maximum distance range.
the agent can perceive the object because it has a perceiving capability, which includes having a webcam and an active scan code detection algorithm, and the object is visible by the camera and within the camera's maximum distance range.
the agent can perceive the object because it has a perceiving capability, which includes having a webcam and an active scan code detection algorithm, and the object is visible by the camera, located in front of it, with a scannable barcode that is within the camera's maximum distance range.
the agent can perceive the object because it has a perceiving capability, which includes having a camera and an active scan code detection algorithm, and the object is in front of the camera, visible to the agent, and registered as a scannable part with a maximum distance range that allows perception.
the agent can perceive the object because it has a perceiving capability, which includes having a camera and an active scan code detection algorithm, and the object is visible by the agent and located within its maximum distance range.
the robot can perceive the luggage because it has a perceiving capability, which includes having a camera and a scan code detection algorithm, and the luggage is in front of the camera, visible, and registered as scannable.
the pepper agent can perceive the book because it has a perceiving capability through its active Kinect V2 camera, which is capable of scanning and detecting objects at a distance greater than the book's position, and the book is registered, visible, and located in front of the agent's camera.
the pepper agent can perceive the plate because it has a perceiving capability through its active webcam, which can see the plate from a distance greater than the maximum range of the camera. The plate is registered, visible, and located in front of the camera, satisfying the conditions for perception.
the agent can perceive the object because it has a perceiving capability, which includes having a camera and an active scan code detection algorithm, and the object is in front of the camera, visible to the agent, and registered as a scannable part with a maximum distance range that allows perception.
the agent can perceive the object because it has a perceiving capability, which includes having a camera and an active scan code detection algorithm, and the object is in front of the camera, visible to the agent, and within its maximum distance range.
the robot can perceive the cube because it has a perceiving capability based on its active RGB camera and scan code detection algorithm, and the cube is in front of the camera, visible to the robot, and registered as a scannable part with a maximum distance range that allows perception at the object's current location.
the pepper agent can perceive the appliance because it has a perceiving capability through its active webcam, which can detect scan codes from a scannable part located in front of it, and the object is within the camera's maximum distance range.
the agent can perceive the object because it has a perceiving capability, which includes having a camera and an active scan code detection algorithm, and the object is visible by the camera and located within the camera's maximum distance range.
the pepper agent can perceive the luggage because it has a perceiving capability through its active camera, which can detect scan codes from the luggage, and the luggage is in front of the camera while being scannable and visible.
the agent can perceive the object because it has a perceiving capability, which includes having a camera and an active scan code detection algorithm, and the object is visible by the agent, located within its maximum distance range, and scannable with a QRTag that is in front of the camera.
the pepper agent can push the office chair because it has a pushing capability, which requires a force of 12 units and the chair is within the agent's moving range, on a table, and the agent has a gripper that can apply the necessary force.
the agent can push the object because it has a pushing capability, which is based on having a gripper that is not holding anything, and the object is on a table and within the agent's moving range, making it approachable.
the robot can push the toy wagon because it has a pushing capability, which is based on having a gripper that can apply force equal to the force required to push the object, and the object is on a table within the robot's moving range.
the robot can push the mini shopping cart because it has a pushing capability, which is based on having a two finger claw gripper that is applicable and requires force, and the cart is within the robot's moving range and on a table, making it approachable.
the pepper agent can push the office chair because it has a pushing capability, the chair is pushable due to having a caster on a rollable surface and being within the agent's moving range, and both the agent and the chair require the same amount of force to push.
the robot can push the office chair because it has a pushing capability, the chair is pushable due to having a wheel on a rollable surface and being on a table, and both the robot and the chair require and have the same amount of force.
the pepper agent can push the office chair because it has a pushing capability, the chair is pushable due to having a wheel on a rollable surface and being within the agent's moving range, and both the agent and the chair require and have the same amount of force.
the agent can push the object because it has a pushing capability, which is based on having a gripper that does not hold anything, and the object is on a table and within the agent's moving range, making it approachable.
the pepper agent can push the office chair because it has a pushing capability, which is based on having a gripper that is not holding anything, and the chair is within the agent's moving range while on a table, satisfying the conditions for being pushable.
the agent can push the object because it has a pushing capability, which is based on having a gripper that does not hold anything, and the object is on a table and within the agent's moving range, making it approachable.
the agent can push the object because it has a pushing capability, which is based on having a gripper that can be used to push, and the object is on a table and within the agent's moving range, making it approachable.
the agent can push the object because it has a pushing capability, which is based on having a gripper that can apply force, and the object is within the agent's moving range and on a table, making it approachable.
the pepper agent can push the roomba robot because it has a pushing capability, which is based on having a gripper that can apply force equal to the force required by the object, and the object is on a table and within the agent's moving range.
the pepper agent can push the mini shopping cart because it has a pushing capability, which is based on having a gripper that is not holding anything, and the mini shopping cart is within the agent's moving range and on a table, making it approachable.
the robot can push the remote-controlled car because it has a pushing capability, which is based on having a two-finger claw gripper that is applicable and requires force, and the car is within the robot's moving range and on a table, making it approachable.
the robot can push the object because it has a pushing capability, which is based on having a two-finger claw gripper that is not currently holding something, and the object is on a table and within the robot's moving range.
the robot can push the mini shopping cart because it has a pushing capability, which is based on having a gripper that is not holding anything, and the cart is on a table and within the robot's moving range, making it approachable.
the robot can push the office chair because it has a pushing capability, which is based on having a gripper that can apply force of 52 units and the chair requires the same amount of force to be pushed, and the chair is within the robot's moving range while sitting on a table.
the pepper agent can push the mini shopping cart because it has a pushing capability, which requires a gripper with applicable force and is on a rollable surface, while the cart is on the table and within the agent's moving range.
the agent can push the object because it has a pushing capability, which is based on having a gripper and not holding anything, while the object is on a table and within the agent's moving range, satisfying the conditions for being pushable.
the robot can perceive the book because it has a perceiving capability through its active Kinect V2 camera, which has a maximum distance range greater than the book's current distance from the robot. The book is registered and has a scannable code, and it is in front of the robot.
the agent can perceive the object because it has a perceiving capability, which includes having a camera that is active and capable of perceiving objects within its maximum distance range, while the object is in front of the agent and has a scannable code.
the pepper agent can perceive the plate because it has a camera with an active Kinect V2 component that can see the object, and the plate is within the camera's maximum distance range and in front of the agent.
the agent can perceive the object because it has a perceiving capability, which is based on having an active camera with a maximum distance range that exceeds the object's current distance from the agent. The object is registered and has a scannable code, and it is in front of the agent.
the pepper agent can perceive the plate because it has a perceiving capability through its active Kinect V2 camera, which has a maximum distance range greater than the plate's current distance from the agent. The plate is registered and scannable, and it is in front of the agent.
the pepper agent can perceive the book because it has a perceiving capability through its active camera with a maximum distance range of 59 units, and the book is in front of the agent at a distance of 53 units, which is greater than the camera's range.
the agent can perceive the object because it has a perceiving capability, which includes having a camera that is active and capable of functioning within its maximum distance range, while the object is in front of the agent and has a scannable code, making it visible to the agent.
the agent can perceive the object because it has a perceiving capability, which includes having a webcam as a component and being active, while the object is an appliance with a scannable code and is in front of the agent, within its maximum distance range.
the agent can perceive the object because it has a perceiving capability through its active camera, which has a maximum distance range greater than the object's current distance from the agent. The object is registered and has a scannable code, and it is in front of the agent.
the agent can perceive the object because it has a perceiving capability, which includes having a camera that is active and capable of functioning within its maximum distance range, while the object is in front of the agent and has a scannable code, making it visible to the agent.
the robot can perceive the luggage because it has a perceiving capability through its active camera, which has a maximum distance range greater than the luggage's current distance from the robot. The robot's camera is registered and capable of scanning, and the luggage is in front of the robot.
the pepper agent can perceive the book because it has a camera with a maximum distance range that exceeds the book's distance from the agent, and the book is registered and scannable, being in front of the agent.
the pepper agent can perceive the plate because it has a webcam component that is active and capable of perceiving, while the plate is registered, scannable, and located in front of the agent within its maximum distance range.
the agent can perceive the object because it has a perceiving capability through its active camera, which has a maximum distance range greater than the object's distance from the agent. The object is registered and has a scannable code, and it is in front of the agent.
the agent can perceive the object because it has a perceiving capability through its active Kinect V2 camera, which has a maximum distance range greater than the object's current distance from the agent, and the object is registered and scannable with a 2D barcode that is in front of the agent.
the robot can perceive the cube because it has a perceiving capability through its active camera, which has a maximum distance range greater than the cube's current distance from the robot. The cube is registered and has a scannable code, and it is in front of the robot.
the pepper agent can perceive the appliance because it has a perceiving capability through its active webcam, which has a maximum distance range greater than the distance at which the appliance is located. The appliance is registered and has a scannable code, and it is in front of the agent.
the agent can perceive the object because it has a perceiving capability through its active camera with a maximum distance range of 98 units, and the object is in front of the agent at a distance of 19 units, which is greater than the camera's range.
the pepper agent can perceive the luggage because it has a perceiving capability through its active camera with a maximum distance range of 90 units, and the luggage is in front of the agent at a distance of 41 units, which is greater than the camera's range.
the agent can perceive the object because it has a perceiving capability, which includes having a camera with an active Kinect V2 component and a maximum distance range that allows it to see the object, which is an appliance located within its visual range and registered with a scannable part.
the agent can lift the object because it has a lifting capability, which requires at least two grippers and a motion planning algorithm, and the object is on the table and within the agent's moving range, with its weight being less than the agent's weight limit.
the agent can lift the object because it has a lifting capability, which requires at least two grippers and a motion planning algorithm, and the object is on the table and within the agent's moving range, with its weight being less than the agent's weight limit.
the agent can lift the object because it has a lifting capability, which requires at least two grippers and a motion planning algorithm, and the object is on touchable support and within the agent's moving range, with its weight being less than the agent's weight limit.
the pepper agent can lift the suitcase because it has a lifting capability, which requires at least two grippers and a motion planning algorithm, and the suitcase is on the table and within the agent's moving range, making it touchable and liftable.
the agent can lift the object because it has a lifting capability, which requires at least two grippers and a motion planning algorithm, and the object is on the table and within the agent's reach, with its weight being less than the agent's weight limit.
the agent can lift the object because it has a lifting capability, which requires at least two grippers and a motion planning algorithm, and the object is on the table and within the reach of the gripper, with its weight being less than the gripper's weight limit.
the agent can lift the object because it has a lifting capability, which requires at least two grippers and a motion planning algorithm, and the object is on the table and within the agent's moving range, with its weight being less than the agent's weight limit.
the agent can lift the object because it has a lifting capability, which requires at least two grippers and a motion planning algorithm, and the object is on the table and within the reach of the agent's gripper, with its weight being less than the gripper's weight limit.
the pepper agent can lift the cooking pot because it has a lifting capability, which requires at least two grippers and a motion planning algorithm, and the cooking pot is touchable and within the reach of the gripper, with its weight being less than the gripper's weight limit.
the robot can lift the suitcase because it has a lifting capability, which requires at least two grippers and a motion planning algorithm, and the suitcase is on the table and within the robot's reach, with its weight being less than the robot's weight limit.
the agent can lift the object because it has a lifting capability, which requires at least two grippers and a motion planning algorithm, and the object is on the table and within the reach of the agent's gripper, with its weight being less than the gripper's weight limit.
the agent can lift the object because it has a lifting capability, which requires at least two grippers and a motion planning algorithm, and the object is on the table and within the agent's reach, with its weight being less than the agent's weight limit.
the agent can lift the object because it has a lifting capability, which requires at least two grippers and a motion planning algorithm, and the object is on the table and within the agent's moving range, with its weight being less than the agent's weight limit.
the robot can lift the laundry basket because it has a lifting capability, which requires at least two grippers and a motion planning algorithm, and the laundry basket is touchable by the robot, has parts that are holdable and can be used, and its weight is less than the robot's weight limit.
the pepper agent can lift the object because it has a lifting capability, which requires at least two grippers and a motion planning algorithm, and the object is on the table and within the agent's moving range, with its weight being less than the agent's weight limit.
the robot can lift the object because it has a lifting capability, which requires at least two grippers and a motion planning algorithm, and the object is on touchable support and within the robot's moving range, with its weight being less than the robot's weight limit.
the robot can lift the object because it has a lifting capability, which requires at least two grippers and a motion planning algorithm, and the object is on the table and within the robot's reach, with its weight being less than the robot's weight limit.
the agent can lift the object because it has a lifting capability, which requires at least two grippers and a motion planning algorithm, and the object is on the table and within the agent's moving range, with its weight being less than the agent's weight limit.
the agent can lift the object because it has a lifting capability, which requires at least two grippers and a motion planning algorithm, and the object is touchable by the agent with a weight that is less than the agent's weight limit.
the agent can lift the object because it has a lifting capability, which requires at least two grippers and a motion planning algorithm, and the object is on touchable support and within the agent's moving range, with its weight being less than the agent's weight limit.
the pepper agent can push the office chair because it has a pushing capability, which is based on having a gripper, and the chair is both approachable by the agent and requires a force that matches the applicable force of the gripper.
the agent can push the object because it has a pushing capability, which is derived from having at least one gripper, and the object is pushable due to having a caster, which is a type of rollable part, and both the object and the gripper require the same amount of force to push.
the robot can push the object because it has a pushing capability, which is based on having at least one gripper, and the object is both approachable by the robot and requires a force of 66 units, which matches the applicable force the robot can provide.
the robot can push the mini shopping cart because it has a pushing capability, which is based on having a gripper, and the cart is pushable with the required force being equal to the applicable force.
the pepper agent can push the office chair because it has a pushing capability through its gripper, which is an end effector capable of applying force, and the chair is approachable by the agent and requires the same amount of force to push as the agent can provide.
the robot can push the object because it has a pushing capability, which is based on having at least one gripper, and the object is pushable due to having a part that is rollable, with both the object and the gripper requiring and applying the same amount of force.
the pepper agent can push the office chair because it has a pushing capability through its gripper, which is an end effector capable of applying force, and the chair is both approachable by the agent and requires that same force to be pushed.
the agent can push the object because it has a pushing capability, which is based on having a gripper, and the object is pushable due to having a part that is rollable, with both the object and the gripper requiring and capable of applying the same force.
the pepper agent can push the office chair because it has a pushing capability through its gripper, which is an end effector capable of applying force, and the chair is both approachable by the agent and requires force equal to what the gripper can provide.
the agent can push the object because it has a pushing capability, which is based on having a gripper, and the object is pushable due to having a caster, which is a rollable part, and both the object and the gripper require the same amount of force to push.
the agent can push the object because it has a pushing capability, which is based on having a gripper, and the object is both approachable by the agent and requires force that matches the applicable force of the gripper.
the agent can push the object because it has a pushing capability, which is based on having at least one gripper, and the object is pushable due to having a part that is a rollable part, with the force required matching the force the agent can apply.
the pepper agent can push the object because it has a pushing capability, which is based on having at least one gripper, and the object is pushable due to having a caster part, requiring a force of 75 units that the agent can apply.
the pepper agent can push the mini shopping cart because it has a pushing capability through its gripper, which is an end effector capable of applying force, and the cart is pushable with the same force requirement.
the robot can push the remote-controlled car because it has a pushing capability, which is based on having a gripper, and the car is pushable due to having a caster part, with both requiring and applying the same force of 45 units.
the robot can push the object because it has a pushing capability, which is based on having a gripper capable of applying force, and the object is both approachable by the robot and requires that same force to be pushed.
the robot can push the mini shopping cart because it has a pushing capability, which is based on having a gripper, and the cart is pushable due to having a caster, and both require and apply the same force of 31 units.
the robot can push the office chair because it has a pushing capability through its gripper, which is an end effector capable of applying force, and the chair is both approachable by the robot and requires that same force to be pushed.
the pepper agent can push the mini shopping cart because it has a pushing capability, which is based on having at least one gripper, and the cart is pushable due to having parts that are rollable, while both the agent and the cart require a force of 57 units, which is equal.
the agent can push the object because it has a pushing capability, which is based on having a gripper, and the object is pushable due to having a part that is rollable, with both the object and the agent requiring and applying the same force.
=== Bonsai-27B-Q1_0-LMStudio (payload id: bonsai-27b) ===
Directory '/Users/holocron/miniproject-hertfordshire-2026/code/inference_explanation_benchmark/dataset_2026/answers/Bonsai-27B-Q1_0-LMStudio' created successfully.
Directory '/Users/holocron/miniproject-hertfordshire-2026/code/inference_explanation_benchmark/dataset_2026/answers/Bonsai-27B-Q1_0-LMStudio/baseline' created successfully.
the pepper can lift the cooking pot because it has a lifting capability with two grippers and motion planning algorithm, and the cooking pot has a liftable disposition with two handles that are not attached to anything else and can be used. The cooking pot is within the moving range of the pepper and on a touchable support in an inaccessible area.
the agent can lift the object because it has a lifting capability with two grippers and motion planning algorithm, and the object has a liftable disposition with at least two holdable parts that are not attached to anything else and can be used, the object is within the agent's moving range and on a touchable support in an inaccessible area, and the object's weight is less than the gripper's weight limit.
the agent can lift the object because it has a lifting capability with two grippers and motion planning algorithm, and nothing in its hands, while the object has a liftable disposition with at least two holdable parts that are not attached to anything else and can be used, and the object is within the moving range of the agent.
the pepper can lift the suitcase because it has a lifting capability with two grippers and motion planning algorithm, and no object in its hands, the suitcase has liftable disposition with two grip parts that are not attached to anything else and can be used, the gripper has weight limit greater than the suitcase's weight, and the suitcase is within the moving range of the pepper.
the agent can lift the object because it has a lifting capability with at least two grippers and a motion planning algorithm, while having nothing in its hands. The object has a liftable disposition with at least two holdable parts that are not attached to anything else and can be used, and it is within the agent's moving range on an accessible support.
the tiago can lift the toolbox because it has a lifting capability with two grippers and motion planning algorithm, and no object in its hands, the toolbox has a liftable disposition with two holdable parts that are not attached to anything else and can be used, the tiago has an end effector with a weight limit greater than the weight of the toolbox, and the toolbox is on a touchable support within the moving range of the tiago.
the agent can lift the object because it has a lifting capability with two grippers and motion planning algorithm, and nothing in its hands, while the object has a liftable disposition with at least two holdable parts that are not attached to anything else and can be used, and the weight of the object is less than the weight limit of the gripper.
the agent can lift the object because it has a lifting capability with two grippers and motion planning algorithm, and nothing in its hands, while the object has a liftable disposition with at least two holdable parts that are not attached to anything else and can be used, and the object is within the moving range of the agent.
the pepper can lift the cooking pot because it has a lifting capability with two grippers and motion planning algorithm, and nothing in its hands, while the cooking pot has a liftable disposition with at least two handles that are not attached to anything else and can be used, and the pot is within the moving range of the pepper.
the robot can lift the suitcase because it has a lifting capability with two grippers and motion planning algorithm, and no objects in its hands, while the suitcase has a liftable disposition with at least two handles that are not attached to anything else and can be used, and the robot's gripper weight limit is greater than the suitcase's weight.
the agent can lift the object because it has a lifting capability with two grippers and motion planning algorithm, and nothing in its hands, while the object has a liftable disposition with at least two holdable parts that are not attached to anything else and can be used, and the object is within the agent's moving range on an accessible support.
the agent can lift the object because it has a lifting capability with two grippers and motion planning algorithm, and nothing in its hands, while the object has a liftable disposition with at least two holdable parts that are not attached to anything else and can be used, and the object is within the moving range of the agent.
the agent can lift the object because it has a lifting capability with two grippers and motion planning algorithm, and the object has a liftable disposition with two grip parts that are not attached to anything else and can be used. The object is within the moving range of the agent, on an accessible area, and on a touchable support.
the robot can lift the laundry basket because it has a lifting capability with two grippers and motion planning algorithm, and the laundry basket has a liftable disposition with two holdable parts that are not attached to anything else and can be used, and the weight of the laundry basket is less than the weight limit of the gripper.
the pepper can lift the toolbox because it has a lifting capability with two grippers and motion planning algorithm, and no object in its hands, while the toolbox has a liftable disposition with two grips that are not attached to anything and can be used, and the toolbox is within the moving range of the pepper.
the robot can lift the oven tray because it has a lifting capability thanks to having at least two grippers and a motion planning algorithm, with nothing in its hands. The oven tray is liftable due to having at least two handles that are not attached to anything else and being usable. The robot's gripper weight limit is greater than the oven tray's weight, and the oven tray is within the robot's moving range and on an accessible support.
the robot can lift the bucket because it has a lifting capability with two grippers and motion planning algorithm, and its hands are empty. The bucket is liftable as it has at least two hand grips that are not attached to anything else and can be used. Additionally, the bucket is within the robot's moving range and on a touchable support, and its weight is less than the gripper's weight limit.
the agent can lift the object because it has a lifting capability with two grippers and motion planning algorithm, and nothing in its hands, while the object has a liftable disposition with two holdable parts that are not attached to anything else and can be used, and the object is within the agent's moving range on an accessible support.
the agent can lift the object because it has a lifting capability with two grippers and motion planning algorithm, and the object has a liftable disposition with at least two holdable parts that are not attached to anything else and can be used. The agent's gripper weight limit is greater than the object's weight, and the object is within the agent's moving range on an accessible support.
the agent can lift the object because it has a lifting capability with two grippers and motion planning algorithm, and the object has a liftable disposition with at least two holdable parts that are not attached to anything else and can be used. The gripper's weight limit is greater than the object's weight, and the object is within the agent's moving range and on an accessible support.
the robot can perceive the book because it has a perceiving capability through its active kinect v2 camera, which is within range of the book, and the book has a registered scannable barcode that is in front of the robot.
the agent can perceive the object because it has a perceiving capability through its active camera, which is within range of the object, and the object has a scannable disposition with a registered scannable part that is in front of the agent.
the pepper can perceive the plate because it has a perceiving capability through its active kinect v2 camera, which is within range of the plate since the camera's maximum distance range is greater than the plate's distance from the camera.
the agent can perceive the object because it has a perceiving capability through its active camera component, which is within range of the object, and the object has a scannable part that is registered and in front of the agent.
the pepper can perceive the plate because it has a perceiving capability through its active kinect v2 camera, which is within range of the plate since the camera's maximum distance range is greater than the plate's distance from the camera.
the pepper can perceive the book because it has a perceiving capability through its active real sense camera, which is within range of the book since the camera's maximum distance range is greater than the book's distance from the camera. Additionally, the book has a registered scannable part with a scannable code that is in front of the pepper, making it visible to the pepper.
the agent can perceive the object because it has a perceiving capability through its active webcam, which is within range of the object that has a registered scannable part in front of it.
the agent can perceive the object because it has a perceiving capability through its active webcam, which is within range of the object that has a registered scannable part and is in front of the agent.
the agent can perceive the object because it has a perceiving capability through its active camera component, which is within range of the object, and the object has a scannable disposition with a registered scannable part that is in front of the agent.
the agent can perceive the object because it has a perceiving capability through its active kinect v2 camera component, which is within range of the object since the camera's maximum distance range is greater than the object's distance from the agent.
the robot can perceive the luggage because it has a perceiving capability through its active RGB camera, which is within range of the luggage as the camera's maximum distance range is greater than the luggage's distance from the robot. The luggage has a scannable disposition with a registered QR tag that is in front of the robot, making it visible to the robot.
the pepper can perceive the book because it has a perceiving capability through its active kinect v2 camera, which is within range of the book since the camera's maximum distance range is greater than the book's distance from the camera.
the pepper can perceive the plate because it has a perceiving capability through its active webcam, which is within range of the plate that has a registered scannable QR code and is in front of the camera.
the agent can perceive the object because it has a perceiving capability through its active camera component, which is within range of the object that has a registered scannable part and is in front of the agent.
the agent can perceive the object because it has a perceiving capability through its active kinect camera component, which is within range of the book since the camera's maximum distance exceeds the book's distance from the agent. Additionally, the book has a registered scannable barcode part that is in front of the agent, making it visible to the agent.
the robot can perceive the cube because it has a perceiving capability through its active RGB camera, which is within range of the cube since the camera's maximum distance range is greater than the cube's distance from the robot. The cube has a scannable disposition with a registered 2D barcode that is in front of the robot, making it visible to the robot.
the pepper can perceive the appliance because it has a perceiving capability through its active webcam, which is within range of the appliance that has a registered scannable part in front of it.
the agent can perceive the object because it has a perceiving capability through its active camera component, which is within range of the object, and the object has a scannable part that is registered and in front of the agent.
the pepper can perceive the luggage because it has a perceiving capability through its active real sense camera, which is within range of the luggage as the camera's maximum distance exceeds the luggage's distance from it. The luggage has a scannable disposition with a registered scan tag that is in front of the pepper, making it visible to the pepper.
the agent can perceive the object because it has a perceiving capability through its active kinect v2 camera component, which is within range of the object since the camera's maximum distance range is greater than the object's distance from the agent.
the agent can grasp the object because it has a grasping capability through its gripper, which has an opening width greater than the holding part width of the object, and the object is reachable by the agent with a graspable disposition.
the pepper can grasp the lunchbox because it has a grasping capability through its gripper component, which has an opening width greater than the holding part width of the lunchbox. The lunchbox has a graspable disposition due to having a graspable part and is reachable by the pepper.
the pepper can grasp the hammer because it has a grasping capability through its gripper, which has an opening width greater than the holding part width of the hammer, and the hammer is reachable by the pepper.
the agent can grasp the object because it has a grasping capability through its gripper component, which has an opening width greater than the holding part width of the object, and the object is reachable by the agent with a graspable disposition.
the agent can grasp the object because it has a grasping capability through its gripper component, which has an opening width greater than the holding part width of the object, and the object is reachable by the agent.
the agent can grasp the object because it has a grasping capability through its gripper, which has an opening width greater than the holding part width of the object, and the object is reachable by the agent.
the agent can grasp the object because it has a grasping capability through its gripper, which has an opening width greater than the holding part width of the object, and the object is reachable by the agent.
the pepper can grasp the lunchbox because it has a grasping capability through its two-finger claw, which is a gripper and an end-effector with an opening width greater than the holding part width of the lunchbox. The lunchbox has a handle that is graspable and is reachable by the pepper.
the agent can grasp the object because it has a grasping capability through its gripper, which has an opening width greater than the holding part width of the object, and the object is reachable by the agent.
the robot can grasp the shovel because it has a grasping capability through its gripper component, which has an opening width greater than the holding part width of the shovel. The shovel is reachable by the robot and has a graspable disposition due to having a hand grip as a part.
the agent can grasp the object because it has a grasping capability through its gripper, which has an opening width greater than the holding part width of the object, and the object is reachable by the agent.
the agent can grasp the object because it has a grasping capability through its gripper, which has an opening width greater than the holding part width of the object, and the object is reachable by the agent.
the agent can grasp the object because it has a grasping capability through its gripper, which has an opening width greater than the holding part width of the object, and the object is reachable by the agent with a graspable disposition.
the agent can grasp the object because it has a grasping capability through its gripper, which has an opening width greater than the holding part width of the object, and the object is reachable by the agent.
the agent can grasp the object because it has a grasping capability through its gripper, which has an opening width greater than the holding part width of the object, and the object is reachable by the agent.
the pepper can grasp the suitcase because it has a grasping capability through its gripper component, which has an opening width greater than the holding part width of the suitcase. The suitcase has a graspable disposition due to having a handle as a part, and the pepper agent is able to reach the suitcase.
the agent can grasp the object because it has a grasping capability through its gripper, which has an opening width greater than the holding part width of the object, and the object is reachable by the agent.
the robot can grasp the mug because it has a grasping capability through its gripper component, which has an opening width greater than the holding part width of the mug, and the mug is reachable by the robot with a graspable disposition.
the agent can grasp the object because it has a grasping capability through its gripper, which has an opening width greater than the holding part width of the object, and the object is reachable by the agent.
the agent can grasp the object because it has a grasping capability through its gripper, which has an opening width greater than the holding part width of the object, and the object is reachable by the agent with a graspable disposition.
the pepper can push the office chair because it has a pushing capability through its gripper, which is not holding anything and is rigid, while the chair has a pushable disposition as it has a wheel on a rollable surface that is not blocked, and the chair is within the moving range of the pepper.
the agent can push the object because it has a pushing capability through its gripper which is not holding anything and is a rigid end effector, the object has a pushable disposition as it has a caster part that is on a rollable surface and unblocked, the agent is approaching the object within its moving range, and the force applied by the gripper matches the required force to move the object.
the robot can push the toy wagon because it has a pushing capability through its gripper which is not holding anything and is a rigid end effector, the toy wagon has a pushable disposition as it has a part that is a rollable part on a rollable surface and not blocked by something, the toy wagon is approachable by the robot as it is on a table in a safe area within the moving range of the robot, and the force applicable to the gripper equals the force required to push the toy wagon.
the robot can push the mini shopping cart because it has a pushing capability through its gripper which is not holding anything and is a rigid end effector, the cart has a pushable disposition as it has a wheel that is on a rollable surface and not blocked, the cart is approachable by the robot as it is on a table in a safe area within the robot's moving range, and the force applied by the gripper equals the force required to move the cart.
the pepper can push the office chair because it has a pushing capability through its gripper, which is not holding anything and is a rigid end effector with sufficient force to match the chair's requirement. The chair has a pushable disposition as it has a caster on a rollable surface that is not blocked, and it is within the safe area and in range of the pepper.
the robot can push the office chair because it has a pushing capability through its gripper which is not holding anything and is a rigid end effector, the chair has a pushable disposition as it has a roller part that is on a rollable surface and not blocked, the robot is approaching the chair within its moving range, and the force applied by the gripper matches the force required to move the chair.
the pepper can push the office chair because it has a pushing capability through its gripper which is not holding anything and is a rigid end effector, the chair has a pushable disposition as it has a wheel that is on a rollable surface and not blocked by something, the chair is approachable by the pepper since it is on a table in a safe area within the moving range of the pepper.
the agent can push the object because it has a pushing capability through its gripper which is not holding anything and is a rigid end effector, the object has a pushable disposition by having a rollable part that is on a rollable surface and not blocked, the object is approachable by the agent as it is on a table in a safe area within the agent's moving range, and the force applied by the gripper equals the force required to move the object.
the pepper can push the office chair because it has a pushing capability through its gripper which is not holding anything and is a rigid end effector, the chair has a pushable disposition as it has a part that is a rollable part on a rollable surface and not blocked by something, the chair is approachable by the pepper as it is on a table in a safe area within the moving range of the pepper.
the agent can push the object because it has a pushing capability through its gripper which is not holding anything and is a rigid end effector, the object has a pushable disposition as it has a caster part that is on a rollable surface and unblocked, the agent is approaching the object within its moving range while being on a table in a safe area, and both have equal force requirements.
the agent can push the object because it has a pushing capability through its gripper which is not holding anything and is a rigid end effector, the object has a pushable disposition by having a rollable part that is on a rollable surface and not blocked, the agent is approaching the object as it is within its moving range, and the force applied by the gripper equals the force required to move the object.
the agent can push the object because it has a pushing capability through its gripper which is not holding anything and is a rigid end effector, the object has a pushable disposition by having a rollable part that is on a rollable surface and not blocked, and the force applied by the gripper equals the force required to move the object.
the pepper can push the roomba because it has a pushing capability through its gripper which is not holding anything and is rigid, the roomba has a pushable disposition as it has a caster part that is on a rollable surface and unblocked, the roomba is within the moving range of the pepper, and the force applicable by the gripper equals the force required to move the roomba.
the pepper can push the mini shopping cart because it has a pushing capability through its gripper which is not holding anything and is a rigid end effector, the mini shopping cart has a pushable disposition as it has a pivot wheel that is on a rollable surface and not blocked by something, the mini shopping cart is within the moving range of the pepper and the force applicable by the gripper equals the force required to move the mini shopping cart.
the robot can push the car because it has a pushing capability through its gripper which is not holding anything and is a rigid end effector, the car has a pushable disposition as it has a caster part that is on a rollable surface and unblocked, the car is approachable by the robot since it is on a table within the safe area and within the robot's moving range, and the force required to push the car matches the applicable force of the gripper.
the robot can push the roomba because it has a pushing capability through its gripper which is not holding anything and is rigid, the roomba has a pushable disposition as it has a pivot wheel on a rollable surface that is not blocked, they are in safe area within moving range of each other, and the force applied by the gripper matches the force required to move the roomba.
the robot can push the mini shopping cart because it has a pushing capability through its gripper which is not holding anything and is a rigid end effector, the cart has a pushable disposition as it has a caster part that is on a rollable surface and unblocked, the robot is approaching the cart within its moving range, and the force applied by the gripper matches the force required to move the cart.
the robot can push the office chair because it has a pushing capability through its gripper which is not holding anything and is a rigid end effector, the chair has a pushable disposition as it has a part that is a rollable part on a rollable surface and not blocked by something, the chair is approachable by the robot as it is on a table in a safe area within the moving range of the robot, and the force applicable to the gripper equals the force required by the chair.
the pepper can push the mini shopping cart because it has a pushing capability through its gripper which is not holding anything and is a rigid end effector, the mini shopping cart has a pushable disposition as it has a wheel that is on a rollable surface and not blocked by something, the mini shopping cart is within the moving range of the pepper and on a table in a safe area, and the force applicable to the gripper equals the force required to move the mini shopping cart.
the agent can push the object because it has a pushing capability through its gripper which is not holding anything and is a rigid end effector, the object has a pushable disposition by having a part that is a rollable part on a rollable surface and not blocked, the object is approachable by the agent as it is on a table in a safe area within the moving range of the agent, and the force applicable by the gripper equals the force required to push the object.
the robot can perceive the book because it has a perceiving capability through its kinect v2 camera component, which allows it to see the book and scan its 2d barcode part due to the book having a perceiving disposition for scanning. The robot's maximum distance range of 90 is greater than the book's distance of 59 from the robot.
the agent can perceive the object because it has a perceiving capability through its camera component, which has a maximum distance range greater than the distance of the object, and the object has a perceiving disposition due to having a scannable part.
the pepper can perceive the plate because it has a perceiving capability through its kinect v2 camera component, which allows it to see the plate and scan its qr code part since the plate is within the camera's maximum distance range.
the agent can perceive the object because it has a perceiving capability through its camera component, which has a maximum distance range greater than the distance to the object, and the object has a perceiving disposition due to having a scannable part.
the pepper can perceive the plate because it has a perception capability through its kinect v2 camera component, which allows it to see the plate since the plate is visible by the pepper and is within the camera's maximum distance range of 47 units compared to the plate's distance of 33 units.
the pepper can perceive the book because it has a perceiving capability through its real sense camera component, which allows it to see the book within its maximum distance range of 59 units since the book is at a distance of 53 units from the pepper.
the agent can perceive the object because it has a perceiving capability through its webcam component, which allows it to see the object within its maximum distance range as the object is closer than that range. The object has a scannable part and a disposition for perception, making it visible to the agent.
the agent can perceive the object because it has a perceiving capability through its webcam component, which allows it to see objects within its maximum distance range of 89 units, and the object is at a distance of 50 units from the agent.
the agent can perceive the object because it has a perceiving capability through its camera component, which has a maximum distance range greater than the distance to the object, and the object has a perceiving disposition due to having a scannable part.
the agent can perceive the object because it has a perceiving capability through its kinect v2 camera component, which has a maximum distance range greater than the object's distance from the agent. The object has a scannable part and is visible to the agent.
the robot can perceive the luggage because it has a perceiving capability through its RGBCamera component, which is within range of the luggage as indicated by the greater than distance relationship, and the luggage has a scannable part that makes it visible to the robot.
the pepper can perceive the book because it has a perceiving capability through its kinect v2 camera component, which allows it to see objects within its maximum distance range of 22 units, and the book is at a distance of 21 units from the pepper.
the pepper can perceive the plate because it has a perceiving capability through its webcam component, which is within range of the plate as the camera's maximum distance range is greater than the plate's distance from the camera. The plate has a scannable part in the form of a QR code, and the plate is visible to the pepper.
the agent can perceive the object because it has a perceiving capability through its RGBCamera component, which has a maximum distance range greater than the distance to the object. The object has a perceiving disposition due to having a scannable part (a 2D barcode), and the camera can see the object.
the agent can perceive the object because it has a perceiving capability through its kinect v2 camera component, which has a maximum distance range greater than the distance to the object, and the object has a scannable part that is visible by the agent.
the robot can perceive the cube because it has a perceiving capability through its RGB camera, which is within range of the cube as the camera's maximum distance range is greater than the cube's distance from the robot. The cube has a scannable part in the form of a 2D barcode and is visible to the robot.
the pepper can perceive the appliance because it has a perception capability through its webcam component, which allows it to see objects within its range, and the appliance has a perceptual disposition due to having a scannable part, with the distance between them being less than the camera's maximum detection range.
the agent can perceive the object because it has a perceiving capability through its camera component, which has a maximum distance range greater than the distance to the object, and the object has a perceiving disposition due to having a scannable part.
the pepper can perceive the luggage because it has a perceiving capability through its real sense camera component, which has a maximum distance range greater than the distance to the luggage. The luggage has a scannable part and is visible by the pepper.
the agent can perceive the object because it has a perceiving capability through its kinect v2 camera component, which has a maximum distance range greater than the distance to the object, and the object has a scannable part that is visible by the agent.
the pepper can push the office chair because it has a pushing capability through its gripper, which is an end effector with sufficient force to match the chair's required force, and the chair is approachable by the pepper.
the agent can push the object because it has a pushing capability through its gripper which is an end effector, and the object has a pushable disposition due to having a caster part that is rollable. The agent is approaching the object, and the force applied by the gripper matches the required force for the object.
the robot can push the toy wagon because it has a pushing capability through its gripper, which is an end effector with sufficient force to match the wagon's requirement, and the wagon is approachable by the robot.
the robot can push the mini shopping cart because it has a pushing capability through its gripper, which is an end effector with sufficient force to match the cart's required force, and the cart is approachable by the robot. The cart has a pushable disposition due to having a wheel as part of itself
the pepper can push the office chair because it has a pushing capability through its gripper, which matches the force required by the chair, and the chair is approachable by the pepper.
the robot can push the office chair because it has a pushing capability through its gripper which is an end effector, and the chair has a pushable disposition due to having a roller part that is rollable. The robot is approaching the chair, and the force applicable by the gripper matches the force required by the chair.
the pepper can push the office chair because it has a pushing capability through its gripper, which is compatible with the chair's pushable disposition due to having a rollable part, and the force applied by the gripper matches the required force for the chair.
the agent can push the object because it has a pushing capability through its gripper, which is an end effector with sufficient force to match the object's requirement, and the object is approachable by the agent. The object has a pushable disposition due to having a rollable part, and the agent possesses a gripper component that enables this action.
the pepper can push the office chair because it has a pushing capability through its gripper, which is compatible with the chair's pushable disposition and requires the same force as the gripper applies.
the agent can push the object because it has a pushing capability through its gripper which is an end effector, and the object has a pushable disposition due to having a caster part that is rollable. The agent is approaching the object, and the force applied by the gripper matches the required force for the object.
the agent can push the object because it has a pushing capability through its gripper, which is an end effector with sufficient force to match the object's required force, and the object is approachable by the agent and has a pushable disposition due to having a rollable part.
the agent can push the object because it has a pushing capability through its gripper, which is an end effector with sufficient force to match the object's required force, and the object is approachable by the agent.
the pepper can push the roomba robot because it has a pushing capability through its gripper, which is compatible with the object's force requirements as they both require 75 units of force, and the roomba robot is approachable by the pepper.
the pepper can push the mini shopping cart because it has a pushing capability through its gripper which is an end effector, and the mini shopping cart has a pushable disposition due to having a pivot wheel as part of itself. The mini shopping cart is approachable by the pepper, and the applicable force from the gripper matches the required force for the cart.
the robot can push the car because it has a pushing capability through its gripper, which is an end effector with sufficient force to match the car's requirement, and the car is approachable by the robot.
the robot can push the roomba because it has a pushing capability through its gripper, which is an end effector with sufficient force to match the roomba's required force, and the roomba is approachable by the robot due to having a rollable part and a pushable disposition.
the robot can push the mini shopping cart because it has a pushing capability through its gripper, which is an end effector with sufficient force to match the cart's requirement, and the cart is approachable by the robot.
the robot can push the office chair because it has a pushing capability through its gripper, which is compatible with the chair's pushable disposition and requires the same force as the gripper's applicable force.
the pepper can push the mini shopping cart because it has a pushing capability through its gripper, which is an end effector with sufficient force to match the required force of the cart, and the cart is approachable by the pepper.
the agent can push the object because it has a pushing capability through its gripper, which matches the force required by the object, and the object is approachable by the agent with a pushable disposition due to having a rollable part.
the agent can grasp the object because it has a grasping capability with an end effector that has an opening width greater than the holding part width of the object, and the object is reachable by the agent due to being contained in an area located within the agent's grasp range.
the pepper can grasp the lunchbox because it has a grasping capability with its gripper, which is not holding anything and has an opening width greater than the lunchbox's holding part width, while the lunchbox has a graspable disposition as it contains a grip that is not already in use and is a touchable object.
the pepper can grasp the hammer because it has a grasping capability with an opening width greater than the holding part width of the hammer, and the hammer is within its reach as it is contained in an area located within the agent's grasp range.
the agent can grasp the object because it has a grasping capability with an end effector that has an opening width greater than the holding part width of the object, and the object is reachable by the agent due to being contained in an area located within the agent's grasp range.
the agent can grasp the object because it has a grasping capability through its gripper which is not holding anything and has a motion planning algorithm, the object has a graspable disposition with an unused handle that is touchable, the object is within the agent's grasp range as it is contained in an area located where the agent can reach, and the gripper's opening width is greater than the object's holding part width.
the agent can grasp the object because it has a grasping capability with an end effector that has an opening width greater than the holding part width of the object, and the object is reachable by the agent due to being contained in an area located within the agent's grasp range.
the agent can grasp the object because it has a grasping capability with an end effector that has an opening width greater than the holding part width of the object, and the object is reachable by the agent.
the pepper can grasp the lunchbox because it has a grasping capability with a gripper that is not holding anything and a motion planning algorithm, the lunchbox has a graspable disposition with a handle that is not already in use and is touchable, the lunchbox is within the reach of the pepper, and the gripper's opening width is greater than the width of the part of the lunchbox to be held.
the agent can grasp the object because it has a grasping capability with an end effector that has an opening width greater than the holding part width of the object, and the object is reachable by the agent as it is contained in an area located within the agent's grasp range.
the robot can grasp the shovel because it has a grasping capability through its gripper which is not holding anything and has a motion planning algorithm, the shovel has a graspable disposition as it has a hand grip that is not already in use and is a touchable object, the shovel is reachable by the robot as it is contained within an area located in a region within the robot's grasp range, and the gripper's opening width is greater than the holding part width of the shovel.
the agent can grasp the object because it has a grasping capability with an end effector that has a wider opening than the holding part of the object, and the object is reachable by the agent.
the agent can grasp the object because it has a grasping capability with an end effector that has an opening width greater than the holding part width of the object, and the object is reachable by the agent as it is contained in an area located within the agent's grasp range.
the agent can grasp the object because it has a grasping capability through its gripper which is not holding anything and has a motion planning algorithm, the object has a graspable disposition with a part that is not already in use and is touchable, the object is within the agent's grasp range as it is contained in an area located within the agent's reach, and the gripper's opening width is greater than the object's holding part width.
the agent can grasp the object because it has a grasping capability with an end effector that has an opening width greater than the holding part width of the object, and the object is reachable by the agent as it is contained in an area located within the agent's grasp range.
the agent can grasp the object because it has a grasping capability with an end effector that has an opening width greater than the holding part width of the object, and the object is reachable by the agent through being contained in an area located within the agent's grasp range.
the pepper can grasp the suitcase because it has a grasping capability with an end effector that has an opening width greater than the holding part width of the suitcase, and the suitcase is reachable by the pepper as it is contained in an area located within the grasp range of the pepper.
the agent can grasp the object because it has a grasping capability with an opening width greater than the holding part width of the object, and the object is reachable by the agent through being contained in an area located within the agent's grasp range.
the robot can grasp the mug because it has a grasping capability with an end effector that has an opening width greater than the holding part width of the mug, and the mug is reachable by the robot as it is contained in an area located within the robot's grasp range.
the agent can grasp the object because it has a grasping capability with an end effector that has an opening width greater than the holding part width of the object, and the object is reachable by the agent through being contained in an area located within the agent's grasp range.
the agent can grasp the object because it has a grasping capability with an end effector that has a larger opening width than the holding part width of the object, and the object is reachable by the agent due to being contained in an area located within the agent's grasp range.
the robot can perceive the book because it has a perceiving capability through its active kinect v2 camera and scan code detection algorithm, the book has a scannable disposition with a registered and visible 2d barcode that is in front of the camera and within range
the agent can perceive the object because it has a perceiving capability through its active camera and scan code detection algorithm, and the object has a perceiving disposition via its registered and visible scannable part. The object is at a distance within the camera's maximum range, allowing it to be perceived by the agent.
the pepper can perceive the plate because it has a perceiving capability through its kinect v2 camera and scan code detection algorithm, which are active components of the pepper, and the plate has a scannable part that is registered and visible to the pepper, with the plate being at a distance within the camera's maximum range.
the agent can perceive the object because it has a perceiving capability through its real sense camera and scan code detection algorithm, which are active components, and the object has a scannable disposition with a registered and visible 2d barcode that is in front of the camera within its maximum distance range.
the pepper can perceive the plate because it has a perceiving capability through its active kinect v2 camera and scan code detection algorithm, the plate having a scannable disposition with a registered and visible scan tag that is in front of the camera within its maximum distance range
the pepper can perceive the book because it has a perceiving capability through its real sense camera and scan code detection algorithm, the book has a scannable disposition with a registered and visible 2d barcode that is in front of the camera and within range
the agent can perceive the object because it has a perceiving capability through its webcam which is active and its scan code detection algorithm, the object has a perceiving disposition via its registered and visible scannable part, and the object is within the camera's maximum distance range.
the agent can perceive the object because it has a perceiving capability through its webcam which is active and equipped with a scan code detection algorithm, and the object has a scannable disposition via a registered and visible barcode that is in front of the camera within range.
the agent can perceive the object because it has a perceiving capability through its camera and scan code detection algorithm, which are active components, and the object has a perceiving disposition via a registered and visible scannable part that is in front of the camera within range.
the agent can perceive the object because it has a perceiving capability through its kinect v2 camera and scan code detection algorithm, which are active components, and the object has a scannable part that is registered and visible, with the object being within the camera's maximum distance range.
the robot can perceive the luggage because it has a perceiving capability through its active RGB camera and scan code detection algorithm, and the luggage has a visible scannable disposition with a registered and visible QR tag that is in front of the camera within its maximum distance range.
the pepper can perceive the book because it has a perceiving capability through its active kinect v2 camera and scan code detection algorithm, the book has a scannable disposition with a registered and visible scan tag, the book is at a distance within the camera's range, and the book is in front of the camera.
the pepper can perceive the plate because it has a perceiving capability through its active webcam and scan code detection algorithm, the plate having a scannable registered and visible qr code disposition, and the plate being within the camera's maximum distance range.
the agent can perceive the object because it has a perceiving capability through its active RGB camera and scan code detection algorithm, the object having a scannable disposition with a registered and visible 2D barcode that is in front of the camera within range
the agent can perceive the object because it has a perceiving capability through its active kinect v2 camera and scan code detection algorithm, the object having a scannable registered and visible part, and the object being within the camera's maximum distance range.
the robot can perceive the cube because it has a perceiving capability through its active RGB camera and scan code detection algorithm, the cube has a scannable disposition with a registered and visible 2D barcode that is in front of the camera, and the cube is within the camera's maximum distance range.
the pepper can perceive the appliance because it has a perceiving capability through its active webcam and scan code detection algorithm, the appliance having a visible scannable part that is registered and in front of the camera within range.
the agent can perceive the object because it has a perceiving capability through its active camera and scan code detection algorithm, and the object has a perceiving disposition via its registered and visible scannable part. The object is within the camera's maximum distance range as it is at a shorter distance from the camera.
the pepper can perceive the luggage because it has a perceiving capability through its real sense camera and scan code detection algorithm, which are active components, and the luggage has a scannable disposition with a registered and visible scan tag that is in front of the camera within range.
the agent can perceive the object because it has a perceiving capability through its active kinect v2 camera and scan code detection algorithm, the object has a perceiving disposition via its registered and visible qrtag scannable part, and the object is within the camera's maximum distance range as it is at a shorter distance from the camera.
the pepper can lift the cooking pot because it has a lifting capability through its two grippers, which are end effectors with a weight limit greater than the pot's weight, and the pot is liftable due to having at least two holdable parts like handles that the pepper can touch.
the agent can lift the object because it has a lifting capability through its grippers, which are end effectors with sufficient weight limit to handle the object's weight, and the object has a liftable disposition due to having at least two holdable parts like handles that the agent can touch.
the agent can lift the object because it has a lifting capability through having at least two grippers, which are end effectors with a weight limit greater than the object's weight, and the object has a liftable disposition by having at least two holdable parts.
the pepper can lift the suitcase because it has a lifting capability through its two grippers, which are end effectors with a weight limit greater than the suitcase's weight, and the suitcase is liftable due to having at least two holdable parts that the pepper can touch.
the agent can lift the object because it has a lifting capability through its grippers, which have a weight limit greater than the object's weight, and the object has a liftable disposition with at least two holdable parts that are touchable by the agent.
the tiago can lift the toolbox because it has a lifting capability through its two grippers, which have a weight limit greater than the toolbox's weight, and the toolbox has a liftable disposition with at least two holdable parts that are touchable by the tiago.
the agent can lift the object because it has a lifting capability through its grippers, which have a weight limit greater than the object's weight, and the object is liftable due to having at least two holdable parts that are touchable by the agent.
the agent can lift the object because it has a lifting capability through having at least two grippers which are end effectors, and the object has a liftable disposition by having at least two holdable parts. The object is touchable by the agent, and its weight is less than the weight limit of the gripper.
the pepper can lift the cooking pot because it has a lifting capability through its grippers, which are end effectors with a weight limit greater than the pot's weight, and the pot is liftable due to having at least two holdable parts like handles that the pepper can touch.
the robot can lift the suitcase because it has a lifting capability through its two grippers, which are end effectors with a weight limit greater than the suitcase's weight, and the suitcase has at least two holdable parts like handles that make it liftable.
the agent can lift the object because it has a lifting capability through having at least two grippers which are end effectors, and the object has a liftable disposition by having at least two holdable parts. The object is touchable by the agent, and its weight is less than the weight limit of the gripper.
the agent can lift the object because it has a lifting capability through its grippers, which are end effectors with a weight limit greater than the object's weight, and the object has a liftable disposition due to having at least two holdable parts like handles that the agent can touch.
the agent can lift the object because it has a lifting capability through having at least two grippers, and the object has a liftable disposition by having at least two holdable parts. The object is touchable by the agent, and the weight of the object is less than the weight limit of the gripper.
the robot can lift the laundry basket because it has a lifting capability through its two grippers, which are end effectors with a weight limit greater than the weight of the laundry basket. The laundry basket has a liftable disposition due to having at least two holdable parts and is touchable by the robot.
the pepper can lift the toolbox because it has a lifting capability through its two grippers, which have a weight limit greater than the toolbox's weight, and the toolbox has a liftable disposition due to having at least two holdable parts that are touchable by the pepper.
the robot can lift the oven tray because it has a lifting capability through its two grippers, which are end effectors with a weight limit greater than the tray's weight, and the tray is liftable due to having at least two handles that are touchable by the robot.
the robot can lift the bucket because it has a lifting capability through its grippers, which are end effectors with a weight limit greater than the bucket's weight, and the bucket is liftable due to having multiple holdable parts that the robot can touch.
the agent can lift the object because it has a lifting capability through its grippers, which are end effectors with a weight limit greater than the object's weight, and the object has a liftable disposition by having at least two holdable parts that the agent can touch.
the agent can lift the object because it has a lifting capability through having at least two grippers, and the object has a liftable disposition by having at least two holdable parts. The object is touchable by the agent, and its weight is less than the weight limit of the gripper.
the agent can lift the object because it has a lifting capability through having at least two grippers as end effectors, and the object has a liftable disposition by having at least two holdable parts that are touchable by the agent.
the pepper can push the office chair because it has a pushing capability through its gripper which is not holding anything, and the chair has a pushable disposition due to having a wheel on a rollable surface. The chair is within the moving range of the pepper, and the force applied by the gripper matches the force required to move the chair.
the agent can push the object because it has a pushing capability through its gripper which is not holding anything, and the object has a pushable disposition by having a caster part that is on a rollable surface. The object is within the moving range of the agent, and the force applied by the gripper matches the required force to move the object.
the robot can push the toy wagon because it has a pushing capability through its gripper which is not holding anything, and the toy wagon has a pushable disposition due to having a roller part on a rollable surface. The toy wagon is within the robot's moving range as it is on a table that the robot can reach, and the force the gripper applies matches the force required to move the toy wagon.
the robot can push the mini shopping cart because it has a pushing capability through its gripper which is not holding anything, and the cart has a pushable disposition as it has a wheel on a rollable surface and is within the moving range of the robot.
the pepper can push the office chair because it has a pushing capability through its gripper which is not holding anything, and the chair has a pushable disposition due to having a caster on a rollable surface. The chair is within the moving range of the pepper and the applicable force from the gripper matches the required force for the chair.
the robot can push the office chair because it has a pushing capability through its gripper which is not holding anything, and the chair has a pushable disposition due to having a roller part on a rollable surface. The robot is within moving range of the chair, and the force applied by the gripper matches the force required to move the chair.
the pepper can push the office chair because it has a pushing capability through its gripper which is not holding anything, and the chair has a pushable disposition due to having a wheel on a rollable surface. The chair is within the moving range of the pepper, and the force applied by the gripper matches the required force for the chair.
the agent can push the object because it has a pushing capability through its gripper which is not holding anything, and the object has a pushable disposition due to having a roller part on a rollable surface. The object is within the moving range of the agent, and the force applied by the gripper matches the required force for the object.
the pepper can push the office chair because it has a pushing capability through its gripper which is not holding anything, and the chair has a pushable disposition due to having a pivot roller on a rollable surface. The chair is within the moving range of the pepper, and the force applied by the gripper matches the force required to move the chair.
the agent can push the object because it has a pushing capability through its gripper which is not holding anything, and the object has a pushable disposition by having a caster part that is on a rollable surface. The object is within the moving range of the agent, and the force applied by the gripper matches the required force to move the object.
the agent can push the object because it has a pushing capability through its gripper which is not holding anything, and the object has a pushable disposition by having a rollable part on a rollable surface. The object is within the moving range of the agent, and the force applied by the gripper matches the required force to move the object.
the agent can push the object because it has a pushing capability through its gripper which is not holding anything, and the object has a pushable disposition by having a rollable part on a rollable surface. The object is within the moving range of the agent, and the force applied by the gripper matches the required force to move the object.
the pepper can push the roomba because it has a pushing capability through its gripper which is not holding anything, and the roomba has a pushable disposition due to having a caster part on a rollable surface. The roomba is within the moving range of the pepper, and the applicable force from the gripper matches the required force for the roomba.
the pepper can push the mini shopping cart because it has a pushing capability through its gripper which is not holding anything, and the mini shopping cart has a pushable disposition due to having a pivot wheel on a rollable surface. The mini shopping cart is within the moving range of the pepper, and the force applied by the gripper matches the required force for the cart.
the robot can push the car because it has a pushing capability through its gripper which is not holding anything, and the car has a pushable disposition due to having a caster part on a rollable surface. The car is within the robot's moving range as it is on a table that the robot can reach, and the force required by the car matches the applicable force of the gripper.
the robot can push the roomba because it has a pushing capability through its gripper which is not holding anything, and the roomba has a pushable disposition due to having a pivot wheel on a rollable surface. The robot is within the moving range of the roomba, and both have an applicable force equal to 41.
the robot can push the mini shopping cart because it has a pushing capability through its gripper which is not holding anything, and the cart has a pushable disposition due to having a caster part on a rollable surface. The cart is within the moving range of the robot, and the force applicable by the gripper matches the force required by the cart.
the robot can push the office chair because it has a pushing capability through its gripper which is not holding anything, and the chair has a pushable disposition due to having a roller part on a rollable surface. The chair is within the robot's moving range and the force required by the chair matches the applicable force of the gripper.
the pepper can push the mini shopping cart because it has a pushing capability through its gripper which is not holding anything, and the mini shopping cart has a pushable disposition due to having a wheel on a rollable surface. The mini shopping cart is within the moving range of the pepper, making it approachable, and the force applied by the gripper matches the required force for the cart.
the agent can push the object because it has a pushing capability through its gripper which is not holding anything, and the object has a pushable disposition by having a rollable part on a rollable surface. The object is within the moving range of the agent, making it approachable, and the force applied by the gripper matches the required force to move the object.
the pepper can lift the cooking pot because it has a lifting capability with two grippers and motion planning algorithm, the cooking pot has liftable disposition with at least two holdable parts and can be used, the cooking pot is within the moving range of the pepper and on a touchable support, and the weight of the cooking pot is less than the weight limit of the gripper.
the agent can lift the object because it has a lifting capability through its grippers which have sufficient weight limit, and the object has a liftable disposition with at least two holdable parts that are usable. The agent is within moving range of the object on a touchable support.
the agent can lift the object because it has a lifting capability based on having at least two grippers and a motion planning algorithm, the object has a liftable disposition due to having at least two holdable parts and being usable, the object is touchable by the agent as it is within its moving range, and the object's weight is less than the gripper's weight limit.
the pepper can lift the suitcase because it has a lifting capability due to having at least two grippers and a motion planning algorithm, the suitcase has a liftable disposition with at least two holdable parts that are usable, the pepper is within moving range of the suitcase on a touchable support, and the suitcase's weight is less than the gripper's weight limit.
the agent can lift the object because it has a lifting capability through having at least two grippers and a motion planning algorithm, the object has a liftable disposition with at least two holdable parts that are usable, the object is within the moving range of the agent and on a touchable support, and the weight of the object is less than the weight limit of the gripper.
the tiago can lift the toolbox because it has a lifting capability through its grippers and motion planning algorithm, the toolbox has a liftable disposition with multiple holdable parts and is usable, the tiago's gripper weight limit exceeds the toolbox's weight, and the toolbox is within the tiago's reach.
the agent can lift the object because it has a lifting capability through its grippers which have sufficient weight limit, and the object has a liftable disposition with multiple holdable parts that are usable, being within the agent's moving range to be touched.
the agent can lift the object because it has a lifting capability through having at least two grippers and a motion planning algorithm, the object has a liftable disposition with at least two holdable parts and being usable, the object is within the moving range of the agent so that it is touchable by the agent, and the weight of the object is less than the weight limit of the gripper.
the pepper can lift the cooking pot because it has a lifting capability through its grippers and motion planning algorithm, the cooking pot has a liftable disposition with handles that are touchable by the pepper and within its moving range, and the weight of the cooking pot is less than the weight limit of the gripper.
the robot can lift the suitcase because it has a lifting capability through its gripper which has a weight limit greater than the suitcase's weight, and the suitcase has a liftable disposition with at least two holdable parts that are usable.
the agent can lift the object because it has a lifting capability through having at least two grippers and a motion planning algorithm, the object has a liftable disposition with at least two holdable parts that are usable, the object is within the moving range of the agent, and the weight of the object is less than the weight limit of the gripper.
the agent can lift the object because it has a lifting capability through having at least two grippers and a motion planning algorithm, the object has a liftable disposition by having at least two holdable parts and being usable, the agent is within moving range of the object on a touchable support, and the object's weight is less than the gripper's weight limit.
the agent can lift the object because it has a lifting capability through having at least two grippers and a motion planning algorithm, the object has a liftable disposition with at least two holdable parts that are usable, the object is within the moving range of the agent and on a touchable support, and the object's weight is less than the gripper's weight limit.
the robot can lift the laundry basket because it has a lifting capability through its grippers and motion planning algorithm, the laundry basket has a liftable disposition with multiple holdable parts that are usable, and the robot's gripper weight limit exceeds the weight of the laundry basket.
the pepper can lift the toolbox because it has a lifting capability through its grippers and motion planning algorithm, the toolbox has a liftable disposition with multiple holdable parts that are usable, and the toolbox is within the moving range of the pepper while being on a touchable support.
the robot can lift the oven tray because it has a lifting capability through its grippers and motion planning algorithm, the oven tray has a liftable disposition with multiple handles that are usable, and the robot's gripper weight limit exceeds the tray's weight while being able to touch it within its moving range.
the robot can lift the bucket because it has a lifting capability through its grippers which have a weight limit greater than the bucket's weight, and the bucket is liftable due to having multiple holdable parts that are usable. The robot is within the moving range of the bucket, making it touchable by the robot.
the agent can lift the object because it has a lifting capability through having at least two grippers and a motion planning algorithm, the object has a liftable disposition with at least two holdable parts that are usable, the object is within the moving range of the agent so it is touchable by the agent, and the weight of the object is less than the weight limit of the gripper.
the agent can lift the object because it has a lifting capability through having at least two grippers and a motion planning algorithm, the object has a liftable disposition with at least two holdable parts that are usable, the agent is within moving range of the object on a touchable support, and the object's weight is less than the gripper's weight limit.
the agent can lift the object because it has a lifting capability through having at least two grippers and a motion planning algorithm, the object has a liftable disposition with at least two holdable parts that are usable, the object is within the moving range of the agent, and the weight of the object is less than the weight limit of the gripper.
the agent can grasp the object because it has a grasping capability through its gripper and motion planning algorithm, the object has a graspable disposition with a touchable part, the gripper's opening width is greater than the holding part width of the object, and the object is within the agent's grasp range.
the pepper can grasp the lunchbox because it has a grasping capability through its gripper and motion planning algorithm, the lunchbox has a graspable disposition with a grip part that is touchable, the lunchbox is within the reach of the pepper, and the gripper's opening width is greater than the holding part width of the lunchbox.
the pepper can grasp the hammer because it has a grasping capability through its gripper and motion planning algorithm, the hammer has a graspable disposition with a part that can be grasped and is touchable, the gripper's opening width is greater than the hammer's holding part width, and the hammer is within the reach of the pepper.
the agent can grasp the object because it has a grasping capability through its gripper and motion planning algorithm, the object has a graspable disposition with a touchable part, the object is within the agent's grasp range, and the gripper's opening width is greater than the holding part width of the object.
the agent can grasp the object because it has a grasping capability through its gripper and motion planning algorithm, the object has a graspable disposition with a touchable part and a handle that fits within the gripper's opening width.
the agent can grasp the object because it has a grasping capability through its gripper and motion planning algorithm, the object has a graspable disposition with a touchable part and is within the agent's reach, and the gripper's opening width is greater than the object's holding part width.
the agent can grasp the object because it has a grasping capability through its gripper and motion planning algorithm, the object has a graspable disposition with a touchable part, the object is within the agent's grasp range, and the gripper's opening width is greater than the holding part width of the object.
the pepper can grasp the lunchbox because it has a grasping capability through its two-finger claw and motion planning algorithm, which allows it to reach the lunchbox as it is within the grasping range of the pepper. The lunchbox has a handle that is graspable and touchable, and the opening width of the claw is greater than the holding part width of the lunchbox.
the agent can grasp the object because it has a grasping capability through its gripper and motion planning algorithm, the object has a graspable disposition with a touchable part and is within the agent's reach, and the gripper's opening width is greater than the object's holding part width.
the robot can grasp the shovel because it has a grasping capability through its gripper and motion planning algorithm, the shovel has a graspable disposition with a hand grip part that is touchable, the shovel is within the robot's grasp range, and the gripper's opening width is greater than the holding part width of the shovel.
the agent can grasp the object because it has a grasping capability through its gripper and motion planning algorithm, the object has a graspable disposition with a touchable part that fits within the gripper's opening width.
the agent can grasp the object because it has a grasping capability through its gripper and motion planning algorithm, the object has a graspable disposition with a touchable part and is within the agent's reach, and the gripper's opening width is greater than the holding part width of the object.
the agent can grasp the object because it has a grasping capability through its gripper and motion planning algorithm, with the gripper's opening width being greater than the holding part width of the object. The object has a graspable disposition as it contains a graspable part and is a touchable object, and it is within the agent's grasp range.
the agent can grasp the object because it has a grasping capability through its gripper and motion planning algorithm, the object has a graspable disposition with a touchable part that fits within the gripper's opening width.
the agent can grasp the object because it has a grasping capability through its gripper and motion planning algorithm, the object has a graspable disposition with a touchable part, the gripper's opening width is greater than the holding part width of the object, and the object is within the reachability range of the agent.
the pepper can grasp the suitcase because it has a grasping capability through its gripper and motion planning algorithm, the suitcase being reachable by the pepper as it is contained within the gripper's range, the suitcase having a graspable disposition due to its handle and touchability, and the gripper's opening width being greater than the holding part width of the suitcase.
the agent can grasp the object because it has a grasping capability through its gripper and motion planning algorithm, the object has a graspable disposition with a touchable part and is within the agent's reach, and the gripper's opening width is greater than the object's holding part width.
the robot can grasp the mug because it has a grasping capability through its gripper and motion planning algorithm, the mug has a graspable disposition as it is touchable and has a grip part, the gripper's opening width is greater than the holding part width of the mug, and the mug is within the robot's grasp range.
the agent can grasp the object because it has a grasping capability through its gripper and motion planning algorithm, the object has a graspable disposition with a touchable part, and the gripper's opening width is greater than the holding part width of the object.
the tiago can grasp the shovel because it has a grasping capability through its gripper and motion planning algorithm, with the gripper's opening width being greater than the shovel's holding part width, ensuring that the shovel is within reach and has a graspable disposition due to having a handle and being touchable.
Directory '/Users/holocron/miniproject-hertfordshire-2026/code/inference_explanation_benchmark/dataset_2026/answers/Bonsai-27B-Q1_0-LMStudio/labeled' created successfully.
the agent can grasp the object because it has a grasping capability through its gripper and motion planning algorithm, the object has a graspable disposition with a touchable part that fits within the gripper's opening width, and the object is reachable by the agent as it is contained in a container within the agent's grasp range.
the agent can grasp the object because it has a grasping capability through its gripper and motion planning algorithm, the object has a graspable disposition with a touchable part that fits within the gripper's opening width, and the object is reachable by the agent as it is contained in a container within the agent's grasp range.
the agent can grasp the object because it has a grasping capability through its gripper and motion planning algorithm, the object has a graspable disposition with a touchable part that fits within the gripper's opening width, and the object is reachable by the agent as it is contained in a container within the agent's grasp range.
the agent can grasp the object because it has a grasping capability through its gripper and motion planning algorithm, the object has a graspable disposition with a touchable part, and the gripper's opening width is greater than the holding part width of the object, allowing it to be reached by the agent.
the agent can grasp the object because it has a grasping capability through its gripper and motion planning algorithm, the object has a graspable disposition with a touchable part and is within the agent's reach, and the gripper's opening width is greater than the object's holding part width.
the agent can grasp the object because it has a grasping capability through its gripper and motion planning algorithm, the object has a graspable disposition with a touchable handle, and the object is within the agent's reach as it is contained in a container that is within the agent's grasp range.
the agent can grasp the object because it has a grasping capability through its gripper and motion planning algorithm, the object has a graspable disposition with a handle that is touchable, the gripper's opening width is greater than the holding part width of the object, and the object is within the agent's reach.
the agent can grasp the object because it has a grasping capability through its gripper and motion planning algorithm, the object has a graspable disposition with a handle that is touchable, the gripper's opening width is greater than the holding part width of the object, and the object is within the agent's reach.
the agent can grasp the object because it has a grasping capability through its gripper and motion planning algorithm, the object has a graspable disposition with a handle that is touchable, the gripper's opening width is greater than the holding part width of the object, and the object is within the agent's reach.
the robot can grasp the shovel because it has a grasping capability through its gripper and motion planning algorithm, the shovel has a graspable disposition with a touchable part and is within the robot's reach, and the gripper's opening width is greater than the shovel's holding part width.
the agent can grasp the object because it has a grasping capability through its gripper and motion planning algorithm, the object has a graspable disposition with a touchable part that fits within the gripper's opening width, and the object is reachable by the agent as it is contained in a container within the agent's grasp range.
the agent can grasp the object because it has a grasping capability through its gripper and motion planning algorithm, the object has a graspable disposition with a touchable part and is within the agent's reach, and the gripper's opening width is greater than the object's holding part width.
the agent can grasp the object because it has a grasping capability through its gripper and motion planning algorithm, the object has a graspable disposition with a touchable part that fits within the gripper's opening width, and the object is reachable by the agent as it is contained in a container within the agent's grasp range.
the agent can grasp the object because it has a grasping capability through its gripper and motion planning algorithm, the object has a graspable disposition with a touchable part that fits within the gripper's opening width, and the object is reachable by the agent as it is contained in a container within the agent's grasp range.
the agent can grasp the object because it has a grasping capability through its gripper and motion planning algorithm, the object has a graspable disposition with a touchable part and a width that fits within the gripper's opening width, and the object is reachable by the agent as it is contained in a container within the agent's grasp range.
the agent can grasp the object because it has a grasping capability through its gripper and motion planning algorithm, the object has a graspable disposition with a handle that is touchable, the gripper's opening width is greater than the holding part width of the object, and the object is within the agent's reach.
the agent can grasp the object because it has a grasping capability through its gripper and motion planning algorithm, the object has a graspable disposition with a handle that is touchable, the gripper's opening width is greater than the object's holding part width, and the object is within the agent's reach.
the agent can grasp the object because it has a grasping capability through its gripper and motion planning algorithm, the object has a graspable disposition with a touchable part, the gripper's opening width is greater than the object's holding part width, and the object is within the agent's reach due to being contained in a container that is within the agent's grasp range.
the agent can grasp the object because it has a grasping capability through its gripper and motion planning algorithm, the object has a graspable disposition with a touchable part that fits within the gripper's opening width, and the object is reachable by the agent as it is contained in a container within the agent's grasp range.
the agent can grasp the object because it has a grasping capability through its gripper and motion planning algorithm, the object has a graspable disposition with a touchable part and is within the agent's reach, and the gripper's opening width is greater than the object's holding part width.
the agent can push the object because it has a pushing capability through its gripper which is not holding anything and is a rigid end effector, the object has a pushable disposition as it has a wheel that is on a rollable surface and not blocked, the agent is approaching the object which is on a table in a safe area within its moving range, and the force applied by the gripper matches the required force to move the object.
the agent can push the object because it has a pushing capability through its gripper which is not holding anything and is a rigid end effector, the object has a pushable disposition as it has a caster part that is on a rollable surface and unblocked, the object is within the agent's moving range, and the force required by the object equals the applicable force of the gripper.
the robot can push the object because it has a pushing capability through its gripper which is not holding anything and is a rigid end effector, the object has a pushable disposition as it has a part that is a rollable part on a rollable surface and not blocked by something, the object is approachable by the agent as it is on a table in a safe area within the moving range of the agent, and the force applicable to the gripper equals the force required by the object.
the robot can push the object because it has a pushing capability through its gripper which is not holding anything and is a rigid end effector, the object has a pushable disposition as it has a part that is a rollable part on a rollable surface and not blocked by something, the object is approachable by the agent as it is on a table in a safe area within the moving range of the agent, and the gripper's applicable force equals the object's required force.
the agent can push the object because it has a pushing capability through its gripper which is not holding anything and is a rigid end effector, the object has a pushable disposition as it has a part that is a roller on a rollable surface and is not blocked, the force applied by the gripper equals the required force to move the object, and the object is within the agent's moving range.
the robot can push the object because it has a pushing capability through its gripper which is not holding anything and is a rigid end effector, the object has a pushable disposition as it has a roller part that is on a rollable surface and not blocked, the robot is approaching the object which is on a table in a safe area within its moving range, and the force applied by the gripper matches the required force to move the object.
the agent can push the object because it has a pushing capability through its gripper which is not holding anything and is a rigid end effector, the object has a pushable disposition as it has a part that is a rollable part on a rollable surface and not blocked by something, the agent is approaching the object, and the force applicable to the gripper equals the force required by the object.
the agent can push the object because it has a pushing capability through its gripper which is not holding anything and is rigid, the object has a pushable disposition as it has a part that is a rollable part on a rollable surface and not blocked by something, the object is approachable by the agent as it is on a table in a safe area within the moving range of the agent, and the force applicable to the gripper equals the force required by the object.
the agent can push the object because it has a pushing capability through its gripper which is not holding anything and is a rigid end effector, the object has a pushable disposition as it has a part that is a rollable part on a rollable surface and not blocked by something, the object is approachable by the agent since it is on a table in a safe area within the moving range of the agent, and the force applicable to the gripper equals the force required by the object.
the agent can push the object because it has a pushing capability through its gripper which is not holding anything and is a rigid end effector, the object has a pushable disposition as it has a caster part that is on a rollable surface and unblocked, the agent is approaching the object which is on a table in a safe area within its moving range, and the force applied by the gripper matches the force required to move the object.
the agent can push the object because it has a pushing capability through its gripper which is not holding anything and is a rigid end effector, the object has a pushable disposition as it has a part that is a rollable part on a rollable surface and not blocked by something, the object is approachable by the agent since it is on a table in a safe area within the moving range of the agent, and the force applicable to the gripper equals the force required by the object.
the agent can push the object because it has a pushing capability through its gripper which is not holding anything and is a rigid end effector, the object has a pushable disposition as it has a part that is a rollable part on a rollable surface and not blocked by something, the agent is approaching the object within its moving range, and the force applicable by the gripper equals the force required to move the object.
the agent can push the object because it has a pushing capability through its gripper which is not holding anything and is a rigid end effector, the object has a pushable disposition as it has a part that is a roller on a rollable surface and is not blocked by anything, the object is within the moving range of the agent and the force applicable to the gripper equals the force required by the object.
the agent can push the object because it has a pushing capability through its gripper which is not holding anything and is a rigid end effector, the object has a pushable disposition as it has a part that is a rollable part on a rollable surface and not blocked by something, the object is approachable by the agent as it is on a table in a safe area within the moving range of the agent, and the force applicable by the gripper equals the force required by the object.
the robot can push the object because it has a pushing capability through its gripper which is not holding anything and is a rigid end effector, the object has a pushable disposition as it has a part that is a roller on a rollable surface and is not blocked by anything, the object is within the moving range of the robot and the force applicable to the gripper equals the force required by the object.
the robot can push the object because it has a pushing capability through its gripper which is not holding anything and is a rigid end effector, the object has a pushable disposition as it has a part that is a rollable part on a rollable surface and not blocked by something, the object is approachable by the agent as it is on a table in a safe area within the moving range of the agent, and the force applicable to the gripper equals the force required by the object.
the robot can push the object because it has a pushing capability through its gripper which is not holding anything and is a rigid end effector, the object has a pushable disposition as it has a part that is a roller on a rollable surface and is not blocked by anything, the robot's applicable force equals the object's required force, and the object is within the robot's moving range.
the robot can push the object because it has a pushing capability through its gripper which is not holding anything and is a rigid end effector, the object has a pushable disposition as it has a part that is a rollable part on a rollable surface and not blocked by something, the object is within the moving range of the robot and the force applicable to the gripper equals the force required by the object.
the agent can push the object because it has a pushing capability through its gripper which is not holding anything and is a rigid end effector, the object has a pushable disposition as it has a part that is a rollable part on a rollable surface and not blocked by something, the agent is approaching the object, and the force applicable to the gripper equals the force required by the object.
the agent can push the object because it has a pushing capability through its gripper which is not holding anything and is a rigid end effector, the object has a pushable disposition as it has a part that is a rollable part on a rollable surface and not blocked by something, the object is approachable by the agent as it is on a table in a safe area within the moving range of the agent, and the gripper's applicable force equals the object's required force.
the agent can lift the object because it has a lifting capability thanks to having at least two grippers and a motion planning algorithm, with nothing in its hands, and the object has a liftable disposition due to having at least two holdable parts that are not attached to anything else and being usable, while also being within the agent's moving range and on a support that is accessible.
the agent can lift the object because it has a lifting capability thanks to having at least two grippers and a motion planning algorithm, with nothing in its hands, and the object has a liftable disposition due to having at least two holdable parts that are not attached to anything else and being usable, while also being within the agent's moving range.
the agent can lift the object because it has a lifting capability thanks to having at least two grippers and a motion planning algorithm, with nothing in its hands, and the object has a liftable disposition due to having at least two holdable parts that are not attached to anything else and being usable, while also being within the agent's moving range.
the agent can lift the object because it has a lifting capability thanks to having at least two grippers and a motion planning algorithm, with nothing in its hands, and the object has a liftable disposition due to having at least two holdable parts that are not attached to anything else and being usable, while also being within the agent's moving range on a table.
the agent can lift the object because it has a lifting capability thanks to having at least two grippers and a motion planning algorithm, with nothing in its hands, and the object has a liftable disposition due to having at least two holdable parts that are not attached to anything else and being usable, while also being within the agent's moving range on a table.
the agent can lift the object because it has a lifting capability thanks to having at least two grippers and a motion planning algorithm, with nothing in its hands, and the object has a liftable disposition due to having at least two holdable parts that are not attached to anything else and being usable, while also being within the agent's moving range and on a support that is accessible.
the agent can lift the object because it has a lifting capability thanks to having at least two grippers and a motion planning algorithm, with nothing in its hands, and the object has a liftable disposition due to having at least two holdable parts that are not attached to anything else and being usable, while also being within the agent's moving range on a table.
the agent can lift the object because it has a lifting capability thanks to having at least two grippers and a motion planning algorithm, with nothing in its hands, and the object has a liftable disposition due to having at least two holdable parts that are not attached to anything else and being usable, while also being within the agent's moving range and on a touchable support.
the agent can lift the object because it has a lifting capability thanks to having at least two grippers and a motion planning algorithm, with nothing in its hands, and the object has a liftable disposition due to having at least two holdable parts that are not attached to anything else and being usable, while also being within the agent's moving range and on a support that is accessible.
the robot can lift the suitcase because it has a lifting capability thanks to having at least two grippers and a motion planning algorithm, with nothing in its hands, and the suitcase has a liftable disposition due to having at least two handles that are not attached to anything else and being usable, while also being within the robot's moving range on a table.
the agent can lift the object because it has a lifting capability thanks to having at least two grippers and a motion planning algorithm, with nothing in its hands, and the object has a liftable disposition due to having at least two holdable parts that are not attached to anything else and being usable, while also being within the agent's moving range on a table.
the agent can lift the object because it has a lifting capability thanks to having at least two grippers and a motion planning algorithm, with nothing in its hands, and the object has a liftable disposition due to having at least two holdable parts that are not attached to anything else and being usable, while also being within the agent's moving range on an accessible support.
the agent can lift the object because it has a lifting capability thanks to having at least two grippers and a motion planning algorithm, with nothing in its hands, and the object has a liftable disposition due to having at least two holdable parts that are not attached to anything else and being usable, while also being within the agent's moving range.
the robot can lift the laundry basket because it has a lifting capability thanks to having at least two grippers and a motion planning algorithm, with nothing in its hands, and the laundry basket has a liftable disposition due to having at least two holdable parts that are not attached to anything else and being usable. The robot's gripper weight limit is greater than the weight of the laundry basket, and the laundry basket is on a table within the robot's moving range, making it touchable by the robot.
the agent can lift the object because it has a lifting capability thanks to having at least two grippers and a motion planning algorithm, with nothing in its hands, and the object has a liftable disposition due to having at least two holdable parts that are not attached to anything else and being usable, while also being within the agent's moving range and on a touchable support.
the robot can lift the oven tray because it has a lifting capability thanks to having two grippers and a motion planning algorithm with nothing in its hands, the oven tray being liftable due to having at least two handles that are not attached to anything else and being usable, the robot's gripper weight limit being greater than the object's weight, and the object being on a table within the robot's moving range.
the robot can lift the bucket because it has a lifting capability thanks to having at least two grippers and a motion planning algorithm, with nothing in its hands, and the bucket has a liftable disposition due to having at least two holdable parts that are not attached to anything else and being usable, while also being within the robot's moving range on a table.
the agent can lift the object because it has a lifting capability thanks to having at least two grippers and a motion planning algorithm, with nothing in its hands, and the object has a liftable disposition due to having at least two holdable parts that are not attached to anything else and being usable, while also being within the agent's moving range on a table in an inaccessible area.
the agent can lift the object because it has a lifting capability thanks to having at least two grippers and a motion planning algorithm, with nothing in its hands, and the object has a liftable disposition based on having at least two holdable parts that are not attached to anything else and being usable, while also being within the agent's moving range and on a support that is accessible.
the agent can lift the object because it has a lifting capability thanks to having at least two grippers and a motion planning algorithm, with nothing in its hands, and the object has a liftable disposition due to having at least two holdable parts that are not attached to anything else and being usable, while also being within the agent's moving range.
the agent can grasp the object because it has a grasping capability through its gripper, which has an opening width greater than the holding part width of the object, and the object is reachable by the agent.
the agent can grasp the object because it has a grasping capability through its gripper, which is an end effector with sufficient opening width to accommodate the object's holding part width, and the object has a graspable disposition due to having a grip as a part.
the agent can grasp the object because it has a grasping capability through its gripper, which has an opening width greater than the holding part width of the object, and the object is reachable by the agent.
the agent can grasp the object because it has a grasping capability through its gripper, which has an opening width greater than the holding part width of the object, and the object is reachable by the agent.
the agent can grasp the object because it has a grasping capability through its gripper, which is an end effector with an opening width greater than the holding part width of the object. The object has a graspable disposition due to having a handle as a part, and the agent can reach the object.
the agent can grasp the object because it has a grasping capability through its gripper, which has an opening width greater than the holding part width of the object, and the object is reachable by the agent.
the agent can grasp the object because it has a grasping capability through its gripper, which is an end effector with sufficient opening width to accommodate the object's holding part width, and the object is reachable by the agent.
the agent can grasp the object because it has a grasping capability through its gripper, which has an opening width greater than the holding part width of the object. The object has a graspable disposition due to having a handle, and the agent is able to reach the object.
the agent can grasp the object because it has a grasping capability through its gripper, which has an opening width greater than the holding part width of the object, and the object is reachable by the agent.
the agent can grasp the object because it has a grasping capability through its gripper, which is an end effector with an opening width greater than the holding part width of the object. The object has a graspable disposition due to having a hand grip as a part, and the agent can reach the object.
the agent can grasp the object because it has a grasping capability through its gripper, which has an opening width greater than the holding part width of the object, and the object is reachable by the agent.
the agent can grasp the object because it has a grasping capability through its gripper, which is an end effector with sufficient opening width to accommodate the object's holding part width, and the object is reachable by the agent. The object has a graspable disposition due to having a graspable part, and the agent possesses a grasping capability via its gripper component.
the agent can grasp the object because it has a grasping capability through its gripper, which has an opening width greater than the holding part width of the object, and the object is reachable by the agent.
the agent can grasp the object because it has a grasping capability through its gripper, which has an opening width greater than the holding part width of the object, and the object is reachable by the agent.
the agent can grasp the object because it has a grasping capability through its gripper, which has an opening width greater than the holding part width of the object, and the object is reachable by the agent.
the agent can grasp the object because it has a grasping capability through its gripper, which is an end effector with sufficient opening width to accommodate the object's holding part width, and the object is reachable by the agent. The object has a graspable disposition due to having a handle as a part, and the agent possesses a gripper component that enables this action.
the agent can grasp the object because it has a grasping capability through its gripper, which has an opening width greater than the holding part width of the object, and the object is reachable by the agent.
the agent can grasp the object because it has a grasping capability through its gripper, which is an end effector with an opening width greater than the holding part width of the object. The object has a graspable disposition due to having a grip as a part, and the agent can reach the object.
the agent can grasp the object because it has a grasping capability through its gripper, which is an end effector with sufficient opening width to accommodate the object's holding part width, and the object has a graspable disposition via its handle.
the agent can grasp the object because it has a grasping capability through its gripper, which has an opening width greater than the holding part width of the object, and the object is reachable by the agent.
the robot can perceive the book because it has a perceiving capability through its kinect v2 camera, which is within range of the book and the book has a scannable part that allows for perception.
the agent can perceive the object because it has a perceiving capability through its camera component, which has a maximum distance range greater than the object's distance from the agent. The object has a perceiving disposition due to having a scannable part, and the object is visible to the agent.
the agent can perceive the object because it has a perceiving capability through its kinect v2 camera, which has a maximum distance range greater than the object's distance from the agent. The object has a scannable part in the form of a qr code, and the agent can see the object.
the agent can perceive the object because it has a perceiving capability through its camera component, which allows it to see the object within its maximum distance range. The object has a scannable part that gives it a perceiving disposition, and the object is visible to the agent.
the agent can perceive the object because it has a perceiving capability through its kinect camera component, which has a maximum distance range greater than the object's distance from the agent. The object has a scannable part and a perceiving disposition, making it visible to the agent.
the agent can perceive the object because it has a perceiving capability through its camera component, which allows it to see the object within its maximum distance range since the object is closer than that range. The object has a scannable part and a disposition for perception, making it visible to the agent.
the agent can perceive the object because it has a perceiving capability through its webcam component, which allows it to see objects within its maximum distance range of 35 units, and the object is at a distance of 34 units from the agent.
the agent can perceive the object because it has a perceiving capability through its webcam component, which allows it to see objects within its maximum distance range of 89 units, and the object is at a distance of 50 units from the agent.
the agent can perceive the object because it has a perceiving capability through its camera component, which allows it to see objects within its maximum distance range. The object is visible to the agent and has a scannable part that matches the agent's perception disposition.
the agent can perceive the object because it has a perceiving capability through its kinect v2 camera component, which allows it to see the object within its maximum distance range of 85 units since the object is at a distance of 45 units.
the agent can perceive the object because it has a perceiving capability through its camera component, which allows it to see the object within its maximum distance range since the object is closer than that range. The object has a scannable part and a disposition for perception, making it visible to the agent.
the agent can perceive the object because it has a perceiving capability through its kinect camera component, which allows it to see objects within its range of 22 units, and the object is at a distance of 21 units from the agent.
the agent can perceive the object because it has a perceiving capability through its webcam component, which allows it to see objects within its maximum distance range. The object has a perceiving disposition due to having a scannable part, and the object is at a distance that is less than the camera's maximum distance range.
the agent can perceive the object because it has a perceiving capability through its camera component, which allows it to see the object within its maximum distance range since the object is closer than that range. The object has a scannable part and a disposition for perception, making it visible to the agent.
the agent can perceive the object because it has a perceiving capability through its kinect v2 camera, which is within range of the book since the camera's maximum distance range is greater than the book's distance from the agent. The book is considered perceivable due to having a scannable part in the form of a 2d barcode, and the object is visible to the agent.
the agent can perceive the object because it has a perceiving capability through its camera component, which allows it to see objects within its maximum distance range. The object has a perceiving disposition due to having a scannable part, and the object is visible to the agent at a distance that is less than the camera's maximum range.
the agent can perceive the object because it has a perceiving capability through its webcam component, which allows it to see objects within its maximum distance range of 27 units, and the object is at a distance of 13 units from the agent.
the agent can perceive the object because it has a perceiving capability through its camera component, which has a maximum distance range greater than the object's distance from the agent. The object has a perceiving disposition due to having a scannable part, and the object is visible to the agent.
the agent can perceive the object because it has a perceiving capability through its camera component, which has a maximum distance range greater than the object's distance from the agent. The object has a perceiving disposition due to having a scannable part, and the object is visible by the agent.
the agent can perceive the object because it has a perceiving capability through its kinect v2 camera, which has a maximum distance range greater than the object's distance from the agent. The object is an appliance with a scannable part and has a perceiving disposition, making it visible to the agent.
the agent can lift the object because it has a lifting capability through its two grippers, which are end effectors with sufficient weight limit to handle the object's weight, and the object has a liftable disposition due to having at least two holdable parts like handles.
the agent can lift the object because it has a lifting capability through its two grippers, which are end effectors with sufficient weight limit to handle the object's weight, and the object has a liftable disposition due to having at least two holdable parts like handles.
the agent can lift the object because it has a lifting capability through its two grippers, which are end effectors with sufficient weight limit to handle the object's weight, and the object has a liftable disposition due to having at least two holdable parts like handles that the agent can touch.
the agent can lift the object because it has a lifting capability through its grippers, which have a weight limit greater than the object's weight, and the object has a liftable disposition due to having at least two holdable parts like handles.
the agent can lift the object because it has a lifting capability through its two grippers, which are end effectors with sufficient weight limit to handle the object's weight, and the object has a liftable disposition due to having at least two holdable parts like handles that the agent can touch.
the agent can lift the object because it has a lifting capability through its two grippers, which are end effectors with sufficient weight limit to handle the object's weight, and the object has a liftable disposition due to having at least two holdable parts like handles that the agent can touch.
the agent can lift the object because it has a lifting capability through its two grippers, which are end effectors with sufficient weight limit to handle the object's weight, and the object is liftable due to having at least two holdable parts like handles that the agent can touch.
the agent can lift the object because it has a lifting capability through its grippers, which have sufficient weight limit to handle the object's weight, and the object has a liftable disposition due to having at least two holdable parts like handles that are touchable by the agent.
the agent can lift the object because it has a lifting capability through its grippers, which have a weight limit greater than the object's weight, and the object has a liftable disposition due to having at least two holdable parts like handles.
the robot can lift the suitcase because it has a lifting capability through its two grippers, which are end effectors with a weight limit greater than the suitcase's weight, and the suitcase is liftable due to having at least two holdable parts like handles, making it touchable by the robot.
the agent can lift the object because it has a lifting capability through its two grippers, which are end effectors with sufficient weight limit to handle the object's weight, and the object has a liftable disposition due to having at least two holdable parts like handles that the agent can touch.
the agent can lift the object because it has a lifting capability through its grippers, which have a weight limit greater than the object's weight, and the object is liftable due to having at least two handle parts that are touchable by the agent.
the agent can lift the object because it has a lifting capability through its grippers, which have a weight limit greater than the object's weight, and the object has a liftable disposition due to having at least two holdable parts that are touchable by the agent.
the robot can lift the laundry basket because it has a lifting capability through its two grippers, which are end effectors with sufficient weight limit to handle the object's weight, and the object has a liftable disposition due to having at least two holdable parts like handles.
the agent can lift the object because it has a lifting capability through its two grippers, which are end effectors with sufficient weight limit to handle the object's weight, and the object has a liftable disposition due to having at least two holdable parts that the agent can touch.
the robot can lift the object because it has a lifting capability through its two grippers, which are end effectors with sufficient weight limit to handle the object's weight, and the object has a liftable disposition due to having at least two holdable parts like handles, making it touchable by the robot.
the robot can lift the bucket because it has a lifting capability through its two grippers, which are end effectors with a weight limit greater than the bucket's weight, and the bucket is liftable due to having at least two holdable parts like handles that the robot can touch.
the agent can lift the object because it has a lifting capability through its grippers, which have a weight limit greater than the object's weight, and the object has a liftable disposition due to having at least two holdable parts that are touchable by the agent.
the agent can lift the object because it has a lifting capability through its two grippers, which are end effectors with sufficient weight limit to handle the object's weight, and the object has a liftable disposition due to having at least two holdable parts like handles that the agent can touch.
the agent can lift the object because it has a lifting capability through its two grippers, which are end effectors with sufficient weight limit to handle the object's weight, and the object has a liftable disposition due to having at least two holdable parts like handles that the agent can touch.
the agent can grasp the object because it has a grasping capability with an end effector that has an opening width greater than the holding part width of the object, and the object is reachable by the agent as it is contained in a container located in an area within the agent's grasp range.
the agent can grasp the object because it has a grasping capability with an end effector that has an opening width greater than the holding part width of the object, and the object is reachable by the agent as it is contained in a container located in an area within the agent's grasp range.
the agent can grasp the object because it has a grasping capability with an end effector that has a wider opening than the holding part of the object, and the object is reachable by the agent as it is contained in a container located in a room within the agent's grasp range.
the agent can grasp the object because it has a grasping capability with an end effector that has an opening width greater than the holding part width of the object, and the object is reachable by the agent as it is contained in a container located in an area within the agent's grasp range.
the agent can grasp the object because it has a grasping capability with an end effector that has an opening width greater than the holding part width of the object, and the object has a graspable disposition with a handle that is not already in use and is a touchable object.
the agent can grasp the object because it has a grasping capability with an end effector that has an opening width greater than the holding part width of the object, and the object is reachable by the agent as it is contained in a container located in an area within the agent's grasp range.
the agent can grasp the object because it has a grasping capability with an end effector that has an opening width greater than the holding part width of the object, and the object is reachable by the agent as it is contained in a container located in a room within the agent's grasp range.
the agent can grasp the object because it has a grasping capability through its gripper which is not holding anything and has a motion planning algorithm, the object has a graspable disposition with an unused handle that is touchable, and the object is within the agent's grasp range as it is contained in a container located in an area within the agent's reach.
the agent can grasp the object because it has a grasping capability with an end effector that has an opening width greater than the holding part width of the object, and the object is reachable by the agent as it is contained in a container located in an area within the agent's grasp range.
the agent can grasp the object because it has a grasping capability with an end effector that has an opening width greater than the holding part width of the object, and the object is reachable by the agent as it is contained in a container located in a room within the agent's grasp range, while also having a graspable disposition.
the agent can grasp the object because it has a grasping capability with an end effector that has an opening width greater than the holding part width of the object, and the object is reachable by the agent as it is contained in a container located in an area within the agent's grasp range.
the agent can grasp the object because it has a grasping capability with an end effector that has an opening width greater than the holding part width of the object, and the object is reachable by the agent as it is contained in a container located in an area within the agent's grasp range.
the agent can grasp the object because it has a grasping capability with an end effector that has an opening width greater than the holding part width of the object, and the object is reachable by the agent as it is contained in a container located in an area within the agent's grasp range.
the agent can grasp the object because it has a grasping capability with an end effector that has an opening width greater than the holding part width of the object, and the object is reachable by the agent as it is contained in a container located in an area within the agent's grasp range.
the agent can grasp the object because it has a grasping capability with an end effector that has an opening width greater than the holding part width of the object, and the object is reachable by the agent as it is contained in a container located in a room within the agent's grasp range.
the agent can grasp the object because it has a grasping capability with an end effector that has an opening width greater than the holding part width of the object, and the object is reachable by the agent as it is contained in a container located in an area within the agent's grasp range.
the agent can grasp the object because it has a grasping capability with an end effector that has an opening width greater than the holding part width of the object, and the object is reachable by the agent as it is contained in a container located in an area within the agent's grasp range.
the agent can grasp the object because it has a grasping capability with an end effector that has an opening width greater than the holding part width of the object, and the object is reachable by the agent as it is contained in a container located in a room within the agent's grasp range.
the agent can grasp the object because it has a grasping capability with an end effector that has an opening width greater than the holding part width of the object, and the object is reachable by the agent as it is contained in a container located in an area within the agent's grasp range.
the agent can grasp the object because it has a grasping capability with an end effector that has an opening width greater than the holding part width of the object, and the object is reachable by the agent as it is contained in a container located in an area within the agent's grasp range.
the agent can perceive the object because it has a perceiving capability through its active kinect v2 camera and scan code detection algorithm, the object having a scannable disposition with a registered and visible 2d barcode that is in front of the camera within range
the agent can perceive the object because it has a perceiving capability through its active camera and scan code detection algorithm, the object has a perceiving disposition with a registered and visible scannable part, and the object is within the camera's maximum distance range.
the agent can perceive the object because it has a perceiving capability through its active kinect camera and scan code detection algorithm, the object has a scannable disposition with a registered and visible qr code that is in front of the camera, and the object is within the camera's maximum distance range.
the agent can perceive the object because it has a perceiving capability through its active camera and scan code detection algorithm, the object has a perceiving disposition with a registered and visible scannable part that is in front of the camera, and the object is within the camera's maximum distance range.
the agent can perceive the object because it has a perceiving capability through its active kinect v2 camera and scan code detection algorithm, the object has a scannable part that is registered and visible, and the object is within the camera's maximum distance range.
the agent can perceive the object because it has a perceiving capability through its active camera and scan code detection algorithm, the object has a perceiving disposition via its registered and visible scannable part, and the object is within the camera's maximum distance range.
the agent can perceive the object because it has a perceiving capability through its active webcam and scan code detection algorithm, the object has a perceiving disposition via its registered and visible scannable part, and the object is within the camera's maximum distance range.
the agent can perceive the object because it has a perceiving capability through its active webcam and scan code detection algorithm, the object has a perceiving disposition via its registered and visible scannable part, and the object is within the camera's maximum distance range.
the agent can perceive the object because it has a perceiving capability through its active camera and scan code detection algorithm, the object has a perceiving disposition with a registered and visible scannable part containing a QR code, and the object is within the camera's maximum distance range.
the agent can perceive the object because it has a perceiving capability through its active kinect camera and scan code detection algorithm, the object has a scannable part that is registered and visible, and the object is within the camera's maximum distance range.
the agent can perceive the object because it has a perceiving capability through its active camera and scan code detection algorithm, the object has a perceiving disposition via its registered and visible scannable part with a QR tag, and the object is within the camera's maximum distance range.
the agent can perceive the object because it has a perceiving capability through its active kinect camera and scan code detection algorithm, the object has a perceiving disposition via its registered and visible scannable part with a scannable code that is in front of the camera, and the object is within the camera's maximum distance range.
the agent can perceive the object because it has a perceiving capability through its active webcam and scan code detection algorithm, the object has a scannable part that is registered and visible, and the object is within the camera's maximum distance range.
the agent can perceive the object because it has a perceiving capability through its active camera and scan code detection algorithm, the object has a perceiving disposition via its registered and visible scannable part, and the object is within the camera's maximum distance range.
the agent can perceive the object because it has a perceiving capability through its active kinect camera and scan code detection algorithm, the object has a scannable disposition with a registered and visible barcode that is in front of the camera, and the object is within the camera's maximum distance range.
the agent can perceive the object because it has a perceiving capability through its active camera and scan code detection algorithm, the object has a perceiving disposition via its registered and visible scannable part, and the object is within the camera's range as it is in front of the camera.
the agent can perceive the object because it has a perceiving capability through its active webcam and scan code detection algorithm, the object has a perceiving disposition via its registered and visible scannable part, and the object is within the camera's maximum distance range.
the agent can perceive the object because it has a perceiving capability through its active camera and scan code detection algorithm, the object has a perceiving disposition via its registered and visible scannable part, and the object is within the camera's maximum distance range.
the agent can perceive the object because it has a perceiving capability through its active camera and scan code detection algorithm, the object has a perceiving disposition via its registered and visible scannable part with a scan tag, and the object is within the camera's maximum distance range as it is at a shorter distance than the camera's range.
the agent can perceive the object because it has a perceiving capability through its active kinect v2 camera and scan code detection algorithm, the object has a scannable part that is registered and visible, and the object is within the camera's maximum distance range.
the agent can push the object because it has a pushing capability through its gripper which is not holding anything, and the object has a pushable disposition due to having a wheel on a rollable surface. The agent is within moving range of the object, and the force applicable by the gripper matches the force required by the object.
the agent can push the object because it has a pushing capability through its gripper which is not holding anything, and the object has a pushable disposition due to having a caster part on a rollable surface. The agent is within moving range of the object, and the force applicable by the gripper equals the force required by the object.
the robot can push the toy wagon because it has a pushing capability through its gripper which is not holding anything, and the toy wagon has a pushable disposition due to having a part that is a rollable part on a rollable surface. The toy wagon is within the moving range of the robot, and the force applicable by the gripper equals the force required by the toy wagon.
the robot can push the object because it has a pushing capability through its gripper which is not holding anything, and the object has a pushable disposition due to having a wheel on a rollable surface. The object is within the robot's moving range as it is on a table, and the force the gripper applies matches the force required to move the object.
the agent can push the object because it has a pushing capability through its gripper which is not holding anything, and the object has a pushable disposition due to having a caster part on a rollable surface. The agent is within moving range of the object, which is on a table, and the force applicable by the gripper matches the force required by the object.
the robot can push the object because it has a pushing capability through its gripper which is not holding anything, and the object has a pushable disposition due to having a roller part on a rollable surface. The robot is within moving range of the object which is on a table, and the force applicable by the gripper matches the force required by the object.
the agent can push the object because it has a pushing capability through its gripper which is not holding anything, and the object has a pushable disposition due to having a wheel on a rollable surface. The agent is within moving range of the object, and the force applied by the gripper matches the required force for the object.
the agent can push the object because it has a pushing capability through its gripper which is not holding anything, and the object has a pushable disposition due to having a rollable part on a rollable surface. The object is within the agent's moving range as it is on a table that is within the agent's range, and the force applicable by the gripper matches the force required by the object.
the agent can push the object because it has a pushing capability through its gripper which is not holding anything, and the object has a pushable disposition due to having a part that is a rollable part on a rollable surface. The agent is within moving range of the object, and the force applicable by the gripper equals the force required by the object.
the agent can push the object because it has a pushing capability through its gripper which is not holding anything, and the object has a pushable disposition due to having a caster part that is on a rollable surface. The agent is within moving range of the object, and the force applicable by the gripper equals the force required by the object.
the agent can push the object because it has a pushing capability through its gripper which is not holding anything, and the object has a pushable disposition due to having a rollable part on a rollable surface. The object is within the moving range of the agent, and the force applicable by the gripper equals the force required by the object.
the agent can push the object because it has a pushing capability through its gripper which is not holding anything, and the object has a pushable disposition due to having a rollable part on a rollable surface. The agent is within moving range of the object, and the force applicable by the gripper equals the force required by the object.
the agent can push the object because it has a pushing capability through its gripper which is not holding anything, and the object has a pushable disposition as it has a caster part on a rollable surface. The object is within the moving range of the agent, and the force applicable by the gripper equals the force required to move the object.
the agent can push the object because it has a pushing capability through its gripper which is not holding anything, and the object has a pushable disposition due to having a part that is a rollable part on a rollable surface. The object is within the moving range of the agent, and the force applicable by the gripper equals the force required by the object.
the robot can push the object because it has a pushing capability through its gripper which is not holding anything, and the object has a pushable disposition due to having a caster part that is on a rollable surface. The robot is within moving range of the object, and the force applicable by the gripper equals the force required by the object.
the robot can push the object because it has a pushing capability through its gripper which is not holding anything, and the object has a pushable disposition due to having a rollable part on a rollable surface. The object is within the moving range of the agent, and the force applicable by the gripper matches the force required by the object.
the robot can push the object because it has a pushing capability through its gripper which is not holding anything, and the object has a pushable disposition due to having a caster part on a rollable surface. The robot is within moving range of the object, and the force applicable by the gripper equals the force required by the object.
the robot can push the object because it has a pushing capability through its gripper which is not holding anything, and the object has a pushable disposition due to having a part that is a rollable part on a rollable surface. The robot is within moving range of the object, and the force applicable by the gripper equals the force required by the object.
the agent can push the object because it has a pushing capability through its gripper which is not holding anything, and the object has a pushable disposition due to having a wheel on a rollable surface. The agent is within moving range of the object, and the force applicable by the gripper matches the force required by the object.
the agent can push the object because it has a pushing capability through its gripper which is not holding anything, and the object has a pushable disposition due to having a rollable part on a rollable surface. The agent is within moving range of the object, and the force applicable by the gripper equals the force required by the object.
the robot can perceive the book because it has a perceiving capability through its active kinect v2 camera, which is within range of the book since the camera's maximum distance range is greater than the book's distance from the robot. The book is considered perceivable due to having a registered scannable part with a 2d barcode that is in front of the robot.
the agent can perceive the object because it has a perceiving capability through its active camera, which is within range of the object, and the object has a scannable disposition with a registered QR code that is in front of the agent.
the agent can perceive the object because it has a perceiving capability through its active kinect camera, which is within range of the object, and the object has a registered scannable part that is in front of the agent.
the agent can perceive the object because it has a perceiving capability through its active camera, which is within range of the object that has a registered scannable part and is in front of the agent.
the agent can perceive the object because it has a perceiving capability through its active kinect camera, which is within range of the object that has a registered scannable part in front of it.
the agent can perceive the object because it has a perceiving capability through its active camera, which is within range of the object, and the object has a scannable disposition with a registered barcode that is in front of the agent.
the agent can perceive the object because it has a perceiving capability through its active webcam, which is within range of the object that has a registered scannable part and is in front of the agent.
the agent can perceive the object because it has a perceiving capability through its active webcam, which is within range of the object that has a registered scannable part and is in front of the agent.
the agent can perceive the object because it has a perceiving capability through its active camera, which is within range of the object that has a scannable disposition with a registered QR code in front of it.
the agent can perceive the object because it has a perceiving capability through its active kinect camera, which is within range of the object that has a registered scannable barcode part in front of it.
the agent can perceive the object because it has a perceiving capability through its active camera, which is within range of the object that has a registered scannable part and is in front of the agent.
the agent can perceive the object because it has a perceiving capability through its active kinect camera, which is within range of the object, and the object has a registered scannable part that is in front of the agent.
the agent can perceive the object because it has a perceiving capability through its active webcam, which is within range of the object that has a registered scannable part in front of it.
the agent can perceive the object because it has a perceiving capability through its active camera, which is within range of the object that has a registered scannable part and is in front of the agent.
the agent can perceive the object because it has a perceiving capability through its active kinect camera, which is within range of the book that has a registered scannable barcode and is in front of the agent.
the agent can perceive the object because it has a perceiving capability through its active camera, which is within range of the object, and the object has a scannable disposition with a registered barcode that is in front of the agent.
the agent can perceive the object because it has a perceiving capability through its active webcam, which is within range of the object, and the object has a scannable disposition with a registered scan tag that is in front of the agent.
the agent can perceive the object because it has a perceiving capability through its active camera, which is within range of the object, and the object has a scannable disposition with a registered scannable part that is in front of the agent.
the agent can perceive the object because it has a perceiving capability through its active camera, which is within range of the object, and the object has a scannable disposition with a registered scan tag in front of the agent.
the agent can perceive the object because it has a perceiving capability through its active kinect camera, which is within range of the object that has a registered scannable part and is in front of the agent.
the agent can lift the object because it has a lifting capability thanks to having at least two grippers and a motion planning algorithm, the object has a liftable disposition due to having at least two holdable parts and being usable, the object is within the moving range of the agent, and the weight of the object is less than the weight limit of the gripper.
the agent can lift the object because it has a lifting capability thanks to having at least two grippers and a motion planning algorithm, the object has a liftable disposition due to having at least two holdable parts and being usable, the object is within the agent's moving range and touchable by the agent, and the object's weight is less than the gripper's weight limit.
the agent can lift the object because it has a lifting capability through its grippers which have sufficient weight limit, and the object has a liftable disposition with at least two holdable parts that are usable. The agent is within moving range of the object, making it touchable by the agent.
the agent can lift the object because it has a lifting capability through its grippers which have sufficient weight limit, and the object has a liftable disposition with at least two holdable parts that are usable. The agent is within moving range of the object on a table, making it touchable by the agent.
the agent can lift the object because it has a lifting capability thanks to having at least two grippers and a motion planning algorithm, the object has a liftable disposition due to having at least two holdable parts and being usable, the object is within the moving range of the agent so that it is touchable by the agent, and the weight of the object is less than the weight limit of one of the grippers.
the agent can lift the object because it has a lifting capability through its grippers which have sufficient weight limit, and the object has a liftable disposition with at least two holdable parts that are usable. The agent is within moving range of the object, making it touchable by the agent.
the agent can lift the object because it has a lifting capability through its grippers which have sufficient weight limit, and the object has a liftable disposition with at least two holdable parts that are usable. The agent is within moving range of the object, making it touchable by the agent.
the agent can lift the object because it has a lifting capability thanks to having at least two grippers and a motion planning algorithm, the object has a liftable disposition due to having at least two holdable parts and being usable, the object is touchable by the agent as it is on a table that is within the agent's moving range, and the object's weight is less than the gripper's weight limit.
the agent can lift the object because it has a lifting capability through its grippers which have sufficient weight limit, and the object has a liftable disposition with at least two holdable parts that are usable. The agent is within moving range of the object on a table, making it touchable by the agent.
the robot can lift the suitcase because it has a lifting capability thanks to having at least two grippers and a motion planning algorithm, the suitcase being liftable due to having at least two holdable parts and being usable, the robot being able to touch the suitcase as it is within its moving range, and the weight of the suitcase being less than the weight limit of one of the grippers.
the agent can lift the object because it has a lifting capability through its grippers which have sufficient weight limit, and the object has a liftable disposition with at least two holdable parts that are usable. The agent is within moving range of the object on a table, making it touchable by the agent.
the agent can lift the object because it has a lifting capability through its grippers which have sufficient weight limit, and the object has a liftable disposition with handles that are holdable parts and can be used, while also being within the agent's moving range on a table.
the agent can lift the object because it has a lifting capability through having at least two grippers and a motion planning algorithm, the object has a liftable disposition with at least two holdable parts and can be used, the object is within the moving range of the agent, and the object's weight is less than the gripper's weight limit.
the robot can lift the laundry basket because it has a lifting capability thanks to having at least two grippers and a motion planning algorithm, the laundry basket has a liftable disposition due to having at least two holdable parts and being usable, the robot is within moving range of the table that supports the laundry basket, and the weight of the laundry basket is less than the weight limit of one of the grippers.
the agent can lift the object because it has a lifting capability through its grippers, which have sufficient weight limit to handle the object's weight, and the object has a liftable disposition with at least two holdable parts that are usable.
the robot can lift the object because it has a lifting capability thanks to having at least two grippers and a motion planning algorithm, the object has a liftable disposition due to having at least two holdable parts and being usable, the robot is within moving range of the object which is on a touchable support, and the object's weight is less than the gripper's weight limit.
the robot can lift the bucket because it has a lifting capability thanks to having at least two grippers and a motion planning algorithm, the bucket has a liftable disposition due to having at least two holdable parts and being usable, the robot is within moving range of the table that supports the bucket, and the weight of the bucket is less than the weight limit of one of its grippers.
the agent can lift the object because it has a lifting capability through having at least two grippers and a motion planning algorithm, the object has a liftable disposition with at least two holdable parts and is usable, the object is within the agent's moving range and its weight is less than the gripper's weight limit.
the agent can lift the object because it has a lifting capability thanks to having at least two grippers and a motion planning algorithm, the object has a liftable disposition due to having at least two holdable parts and being usable, the object is within the moving range of the agent so that it is touchable by the agent, and the weight of the object is less than the weight limit of one of the grippers.
the agent can lift the object because it has a lifting capability thanks to having at least two grippers and a motion planning algorithm, the object has a liftable disposition due to having at least two holdable parts and being usable, the object is within the moving range of the agent so that it is touchable by the agent, and the weight of the object is less than the weight limit of one of the grippers.
the agent can push the object because it has a pushing capability through its gripper, which matches the force required by the object, and the object is approachable by the agent.
the agent can push the object because it has a pushing capability through its gripper, which matches the force required by the object, and the object is approachable by the agent.
the robot can push the toy wagon because it has a pushing capability through its gripper, which is an end effector with sufficient force to match the object's requirement, and the object has a pushable disposition due to having a rollable part.
the robot can push the object because it has a pushing capability through its gripper, which matches the force required by the object, and the object is approachable by the robot.
the agent can push the object because it has a pushing capability through its gripper, which matches the force required by the object, and the object is approachable by the agent.
the robot can push the object because it has a pushing capability through its gripper which matches the force required by the object, and the object is approachable by the robot.
the agent can push the object because it has a pushing capability through its gripper, which matches the force required by the object, and the object is approachable by the agent.
the agent can push the object because it has a pushing capability through its gripper, which matches the force required by the object, and the object is approachable by the agent.
the agent can push the object because it has a pushing capability through its gripper, which matches the force required by the object, and the object is approachable by the agent.
the agent can push the object because it has a pushing capability through its gripper, which is an end effector with sufficient force to match the object's required force, and the object is approachable by the agent.
the agent can push the object because it has a pushing capability through its gripper, which matches the force required by the object, and the object is approachable by the agent.
the agent can push the object because it has a pushing capability through its gripper, which matches the force required by the object, and the object is approachable by the agent.
the agent can push the object because it has a pushing capability through its gripper, which matches the force required by the object, and the object is approachable by the agent.
the agent can push the object because it has a pushing capability through its gripper which matches the force required by the object, and the object is approachable by the agent with a rollable part disposition.
the robot can push the object because it has a pushing capability through its gripper, which matches the force required by the object, and the object is approachable by the robot.
the robot can push the object because it has a pushing capability through its gripper, which matches the force required by the object, and the object is approachable by the robot.
the robot can push the object because it has a pushing capability through its gripper, which matches the force required by the object, and the object is approachable by the robot.
the agent can push the object because it has a pushing capability through its gripper, which matches the force required by the object, and the object is approachable by the agent.
the agent can push the object because it has a pushing capability through its gripper, which matches the force required by the object, and the object is approachable by the agent.
the agent can push the object because it has a pushing capability through its gripper, which matches the force required by the object, and the object is approachable by the agent.
LM_STUDIO_MODELS_DONE
